product_id,product_name,sale_date,sale_hour,units_sold,revenue,discount_pct
P001,Wireless Earbuds,2024-01-01,9,15,19485.0,0
P002,Laptop Stand,2024-01-01,9,6,5394.0,0
P003,USB-C Hub,2024-01-01,9,12,6109.8,15
P004,Mechanical Keyboard,2024-01-01,9,4,8496.6,15
P005,Webcam HD,2024-01-01,9,1,1619.1,10
P001,Wireless Earbuds,2024-01-01,10,9,11691.0,0
P002,Laptop Stand,2024-01-01,10,6,5394.0,0
P003,USB-C Hub,2024-01-01,10,15,8985.0,0
P004,Mechanical Keyboard,2024-01-01,10,1,2249.1,10
P005,Webcam HD,2024-01-01,10,4,6116.6,15
P001,Wireless Earbuds,2024-01-01,11,13,14353.95,15
P002,Laptop Stand,2024-01-01,11,11,9394.55,5
P003,USB-C Hub,2024-01-01,11,15,8535.75,5
P004,Mechanical Keyboard,2024-01-01,11,2,3998.4,20
P005,Webcam HD,2024-01-01,11,1,1439.2,20
P001,Wireless Earbuds,2024-01-01,12,5,5520.75,15
P002,Laptop Stand,2024-01-01,12,8,7192.0,0
P003,USB-C Hub,2024-01-01,12,16,9584.0,0
P004,Mechanical Keyboard,2024-01-01,12,2,3998.4,20
P005,Webcam HD,2024-01-01,12,3,5397.0,0
P001,Wireless Earbuds,2024-01-01,13,7,8638.35,5
P002,Laptop Stand,2024-01-01,13,4,3596.0,0
P003,USB-C Hub,2024-01-01,13,19,10242.9,10
P004,Mechanical Keyboard,2024-01-01,13,2,3998.4,20
P005,Webcam HD,2024-01-01,13,1,1529.15,15
P001,Wireless Earbuds,2024-01-01,14,11,12860.1,10
P002,Laptop Stand,2024-01-01,14,3,2562.15,5
P003,USB-C Hub,2024-01-01,14,10,5391.0,10
P004,Mechanical Keyboard,2024-01-01,14,4,7996.8,20
P005,Webcam HD,2024-01-01,14,5,8095.5,10
P001,Wireless Earbuds,2024-01-01,15,6,6624.9,15
P002,Laptop Stand,2024-01-01,15,7,6293.0,0
P003,USB-C Hub,2024-01-01,15,14,6708.8,20
P004,Mechanical Keyboard,2024-01-01,15,3,7497.0,0
P005,Webcam HD,2024-01-01,15,5,7196.0,20
P001,Wireless Earbuds,2024-01-01,16,3,3702.15,5
P002,Laptop Stand,2024-01-01,16,8,6832.4,5
P003,USB-C Hub,2024-01-01,16,16,9584.0,0
P004,Mechanical Keyboard,2024-01-01,16,4,9996.0,0
P005,Webcam HD,2024-01-01,16,4,6116.6,15
P001,Wireless Earbuds,2024-01-01,17,9,9937.35,15
P002,Laptop Stand,2024-01-01,17,14,10698.1,15
P003,USB-C Hub,2024-01-01,17,9,4851.9,10
P004,Mechanical Keyboard,2024-01-01,17,2,4498.2,10
P005,Webcam HD,2024-01-01,17,1,1799.0,0
P001,Wireless Earbuds,2024-01-01,18,9,11106.45,5
P002,Laptop Stand,2024-01-01,18,7,5349.05,15
P003,USB-C Hub,2024-01-01,18,26,15574.0,0
P004,Mechanical Keyboard,2024-01-01,18,6,11995.2,20
P005,Webcam HD,2024-01-01,18,1,1799.0,0
P001,Wireless Earbuds,2024-01-01,19,4,4156.8,20
P002,Laptop Stand,2024-01-01,19,8,6832.4,5
P003,USB-C Hub,2024-01-01,19,14,8386.0,0
P004,Mechanical Keyboard,2024-01-01,19,4,8996.4,10
P005,Webcam HD,2024-01-01,19,7,12593.0,0
P001,Wireless Earbuds,2024-01-01,20,15,18510.75,5
P002,Laptop Stand,2024-01-01,20,8,6113.2,15
P003,USB-C Hub,2024-01-01,20,21,12579.0,0
P004,Mechanical Keyboard,2024-01-01,20,5,12495.0,0
P005,Webcam HD,2024-01-01,20,5,7645.75,15
P001,Wireless Earbuds,2024-01-01,21,11,12860.1,10
P002,Laptop Stand,2024-01-01,21,7,5349.05,15
P003,USB-C Hub,2024-01-01,21,19,10242.9,10
P004,Mechanical Keyboard,2024-01-01,21,5,12495.0,0
P005,Webcam HD,2024-01-01,21,5,8995.0,0
P001,Wireless Earbuds,2024-01-02,9,14,17276.7,5
P002,Laptop Stand,2024-01-02,9,4,2876.8,20
P003,USB-C Hub,2024-01-02,9,10,4792.0,20
P004,Mechanical Keyboard,2024-01-02,9,2,4998.0,0
P005,Webcam HD,2024-01-02,9,2,2878.4,20
P001,Wireless Earbuds,2024-01-02,10,14,17276.7,5
P002,Laptop Stand,2024-01-02,10,15,13485.0,0
P003,USB-C Hub,2024-01-02,10,19,10811.95,5
P004,Mechanical Keyboard,2024-01-02,10,10,22491.0,10
P005,Webcam HD,2024-01-02,10,1,1619.1,10
P001,Wireless Earbuds,2024-01-02,11,5,5520.75,15
P002,Laptop Stand,2024-01-02,11,15,13485.0,0
P003,USB-C Hub,2024-01-02,11,24,11500.8,20
P004,Mechanical Keyboard,2024-01-02,11,5,9996.0,20
P005,Webcam HD,2024-01-02,11,3,5397.0,0
P001,Wireless Earbuds,2024-01-02,12,7,8638.35,5
P002,Laptop Stand,2024-01-02,12,6,5124.3,5
P003,USB-C Hub,2024-01-02,12,10,5091.5,15
P004,Mechanical Keyboard,2024-01-02,12,4,8996.4,10
P005,Webcam HD,2024-01-02,12,1,1619.1,10
P001,Wireless Earbuds,2024-01-02,13,4,4156.8,20
P002,Laptop Stand,2024-01-02,13,15,13485.0,0
P003,USB-C Hub,2024-01-02,13,24,12938.4,10
P004,Mechanical Keyboard,2024-01-02,13,3,7497.0,0
P005,Webcam HD,2024-01-02,13,6,8635.2,20
P001,Wireless Earbuds,2024-01-02,14,6,7014.6,10
P002,Laptop Stand,2024-01-02,14,13,11687.0,0
P003,USB-C Hub,2024-01-02,14,16,9104.8,5
P004,Mechanical Keyboard,2024-01-02,14,1,2499.0,0
P005,Webcam HD,2024-01-02,14,5,7196.0,20
P001,Wireless Earbuds,2024-01-02,15,5,6495.0,0
P002,Laptop Stand,2024-01-02,15,4,3596.0,0
P003,USB-C Hub,2024-01-02,15,10,5990.0,0
P004,Mechanical Keyboard,2024-01-02,15,8,15993.6,20
P005,Webcam HD,2024-01-02,15,1,1439.2,20
P001,Wireless Earbuds,2024-01-02,16,9,9352.8,20
P002,Laptop Stand,2024-01-02,16,5,4495.0,0
P003,USB-C Hub,2024-01-02,16,22,11860.2,10
P004,Mechanical Keyboard,2024-01-02,16,1,2499.0,0
P005,Webcam HD,2024-01-02,16,6,10794.0,0
P001,Wireless Earbuds,2024-01-02,17,12,12470.4,20
P002,Laptop Stand,2024-01-02,17,17,12990.55,15
P003,USB-C Hub,2024-01-02,17,14,7128.1,15
P004,Mechanical Keyboard,2024-01-02,17,5,11870.25,5
P005,Webcam HD,2024-01-02,17,5,8545.25,5
P001,Wireless Earbuds,2024-01-02,18,9,11106.45,5
P002,Laptop Stand,2024-01-02,18,4,3596.0,0
P003,USB-C Hub,2024-01-02,18,15,8985.0,0
P004,Mechanical Keyboard,2024-01-02,18,9,22491.0,0
P005,Webcam HD,2024-01-02,18,3,4857.3,10
P001,Wireless Earbuds,2024-01-02,19,7,9093.0,0
P002,Laptop Stand,2024-01-02,19,4,3056.6,15
P003,USB-C Hub,2024-01-02,19,7,4193.0,0
P004,Mechanical Keyboard,2024-01-02,19,3,7497.0,0
P005,Webcam HD,2024-01-02,19,7,12593.0,0
P001,Wireless Earbuds,2024-01-02,20,13,16887.0,0
P002,Laptop Stand,2024-01-02,20,6,4584.9,15
P003,USB-C Hub,2024-01-02,20,25,14975.0,0
P004,Mechanical Keyboard,2024-01-02,20,1,2124.15,15
P005,Webcam HD,2024-01-02,20,8,14392.0,0
P001,Wireless Earbuds,2024-01-02,21,14,14548.8,20
P002,Laptop Stand,2024-01-02,21,8,7192.0,0
P003,USB-C Hub,2024-01-02,21,10,5990.0,0
P004,Mechanical Keyboard,2024-01-02,21,7,17493.0,0
P005,Webcam HD,2024-01-02,21,6,10254.3,5
P001,Wireless Earbuds,2024-01-03,9,8,8313.6,20
P002,Laptop Stand,2024-01-03,9,15,13485.0,0
P003,USB-C Hub,2024-01-03,9,9,5391.0,0
P004,Mechanical Keyboard,2024-01-03,9,7,14869.05,15
P005,Webcam HD,2024-01-03,9,4,5756.8,20
P001,Wireless Earbuds,2024-01-03,10,7,9093.0,0
P002,Laptop Stand,2024-01-03,10,5,4495.0,0
P003,USB-C Hub,2024-01-03,10,24,13657.2,5
P004,Mechanical Keyboard,2024-01-03,10,4,9496.2,5
P005,Webcam HD,2024-01-03,10,1,1799.0,0
P001,Wireless Earbuds,2024-01-03,11,11,14289.0,0
P002,Laptop Stand,2024-01-03,11,6,5124.3,5
P003,USB-C Hub,2024-01-03,11,22,13178.0,0
P004,Mechanical Keyboard,2024-01-03,11,1,2124.15,15
P005,Webcam HD,2024-01-03,11,1,1799.0,0
P001,Wireless Earbuds,2024-01-03,12,8,10392.0,0
P002,Laptop Stand,2024-01-03,12,8,6832.4,5
P003,USB-C Hub,2024-01-03,12,21,12579.0,0
P004,Mechanical Keyboard,2024-01-03,12,7,17493.0,0
P005,Webcam HD,2024-01-03,12,3,5127.15,5
P001,Wireless Earbuds,2024-01-03,13,4,4936.2,5
P002,Laptop Stand,2024-01-03,13,8,5753.6,20
P003,USB-C Hub,2024-01-03,13,20,11980.0,0
P004,Mechanical Keyboard,2024-01-03,13,7,14869.05,15
P005,Webcam HD,2024-01-03,13,8,14392.0,0
P001,Wireless Earbuds,2024-01-03,14,5,6495.0,0
P002,Laptop Stand,2024-01-03,14,9,8091.0,0
P003,USB-C Hub,2024-01-03,14,25,14975.0,0
P004,Mechanical Keyboard,2024-01-03,14,4,9996.0,0
P005,Webcam HD,2024-01-03,14,1,1619.1,10
P001,Wireless Earbuds,2024-01-03,15,9,10521.9,10
P002,Laptop Stand,2024-01-03,15,13,11687.0,0
P003,USB-C Hub,2024-01-03,15,10,5391.0,10
P004,Mechanical Keyboard,2024-01-03,15,1,1999.2,20
P005,Webcam HD,2024-01-03,15,4,7196.0,0
P001,Wireless Earbuds,2024-01-03,16,13,16887.0,0
P002,Laptop Stand,2024-01-03,16,15,10788.0,20
P003,USB-C Hub,2024-01-03,16,17,9673.85,5
P004,Mechanical Keyboard,2024-01-03,16,1,2249.1,10
P005,Webcam HD,2024-01-03,16,2,3238.2,10
P001,Wireless Earbuds,2024-01-03,17,11,14289.0,0
P002,Laptop Stand,2024-01-03,17,11,9889.0,0
P003,USB-C Hub,2024-01-03,17,20,10183.0,15
P004,Mechanical Keyboard,2024-01-03,17,6,14994.0,0
P005,Webcam HD,2024-01-03,17,4,6116.6,15
P001,Wireless Earbuds,2024-01-03,18,16,20784.0,0
P002,Laptop Stand,2024-01-03,18,7,6293.0,0
P003,USB-C Hub,2024-01-03,18,22,13178.0,0
P004,Mechanical Keyboard,2024-01-03,18,4,9496.2,5
P005,Webcam HD,2024-01-03,18,10,14392.0,20
P001,Wireless Earbuds,2024-01-03,19,5,6495.0,0
P002,Laptop Stand,2024-01-03,19,9,7281.9,10
P003,USB-C Hub,2024-01-03,19,9,5391.0,0
P004,Mechanical Keyboard,2024-01-03,19,4,8996.4,10
P005,Webcam HD,2024-01-03,19,4,7196.0,0
P001,Wireless Earbuds,2024-01-03,20,10,12990.0,0
P002,Laptop Stand,2024-01-03,20,7,6293.0,0
P003,USB-C Hub,2024-01-03,20,16,9584.0,0
P004,Mechanical Keyboard,2024-01-03,20,6,11995.2,20
P005,Webcam HD,2024-01-03,20,2,3238.2,10
P001,Wireless Earbuds,2024-01-03,21,13,15198.3,10
P002,Laptop Stand,2024-01-03,21,5,3820.75,15
P003,USB-C Hub,2024-01-03,21,25,14975.0,0
P004,Mechanical Keyboard,2024-01-03,21,1,2499.0,0
P005,Webcam HD,2024-01-03,21,5,8995.0,0
P001,Wireless Earbuds,2024-01-04,9,5,5520.75,15
P002,Laptop Stand,2024-01-04,9,10,8990.0,0
P003,USB-C Hub,2024-01-04,9,16,9584.0,0
P004,Mechanical Keyboard,2024-01-04,9,4,8496.6,15
P005,Webcam HD,2024-01-04,9,4,7196.0,0
P001,Wireless Earbuds,2024-01-04,10,14,15458.1,15
P002,Laptop Stand,2024-01-04,10,8,6472.8,10
P003,USB-C Hub,2024-01-04,10,24,14376.0,0
P004,Mechanical Keyboard,2024-01-04,10,2,4998.0,0
P005,Webcam HD,2024-01-04,10,4,5756.8,20
P001,Wireless Earbuds,2024-01-04,11,6,7794.0,0
P002,Laptop Stand,2024-01-04,11,4,3596.0,0
P003,USB-C Hub,2024-01-04,11,12,6109.8,15
P004,Mechanical Keyboard,2024-01-04,11,5,12495.0,0
P005,Webcam HD,2024-01-04,11,13,21048.3,10
P001,Wireless Earbuds,2024-01-04,12,15,18510.75,5
P002,Laptop Stand,2024-01-04,12,13,11687.0,0
P003,USB-C Hub,2024-01-04,12,12,7188.0,0
P004,Mechanical Keyboard,2024-01-04,12,3,6747.3,10
P005,Webcam HD,2024-01-04,12,1,1439.2,20
P001,Wireless Earbuds,2024-01-04,13,10,11691.0,10
P002,Laptop Stand,2024-01-04,13,10,8990.0,0
P003,USB-C Hub,2024-01-04,13,20,11980.0,0
P004,Mechanical Keyboard,2024-01-04,13,1,2499.0,0
P005,Webcam HD,2024-01-04,13,6,8635.2,20
P001,Wireless Earbuds,2024-01-04,14,7,9093.0,0
P002,Laptop Stand,2024-01-04,14,4,3056.6,15
P003,USB-C Hub,2024-01-04,14,16,8146.4,15
P004,Mechanical Keyboard,2024-01-04,14,1,2499.0,0
P005,Webcam HD,2024-01-04,14,6,9714.6,10
P001,Wireless Earbuds,2024-01-04,15,16,20784.0,0
P002,Laptop Stand,2024-01-04,15,7,5034.4,20
P003,USB-C Hub,2024-01-04,15,11,5271.2,20
P004,Mechanical Keyboard,2024-01-04,15,1,2374.05,5
P005,Webcam HD,2024-01-04,15,2,3598.0,0
P001,Wireless Earbuds,2024-01-04,16,13,16887.0,0
P002,Laptop Stand,2024-01-04,16,10,7192.0,20
P003,USB-C Hub,2024-01-04,16,15,8985.0,0
P004,Mechanical Keyboard,2024-01-04,16,2,3998.4,20
P005,Webcam HD,2024-01-04,16,5,8545.25,5
P001,Wireless Earbuds,2024-01-04,17,4,4156.8,20
P002,Laptop Stand,2024-01-04,17,7,6293.0,0
P003,USB-C Hub,2024-01-04,17,14,6708.8,20
P004,Mechanical Keyboard,2024-01-04,17,7,17493.0,0
P005,Webcam HD,2024-01-04,17,6,8635.2,20
P001,Wireless Earbuds,2024-01-04,18,5,6495.0,0
P002,Laptop Stand,2024-01-04,18,3,2292.45,15
P003,USB-C Hub,2024-01-04,18,14,7966.7,5
P004,Mechanical Keyboard,2024-01-04,18,7,17493.0,0
P005,Webcam HD,2024-01-04,18,1,1439.2,20
P001,Wireless Earbuds,2024-01-04,19,7,9093.0,0
P002,Laptop Stand,2024-01-04,19,13,10518.3,10
P003,USB-C Hub,2024-01-04,19,19,9673.85,15
P004,Mechanical Keyboard,2024-01-04,19,8,19992.0,0
P005,Webcam HD,2024-01-04,19,2,3598.0,0
P001,Wireless Earbuds,2024-01-04,20,4,4676.4,10
P002,Laptop Stand,2024-01-04,20,9,8091.0,0
P003,USB-C Hub,2024-01-04,20,14,7547.4,10
P004,Mechanical Keyboard,2024-01-04,20,8,19992.0,0
P005,Webcam HD,2024-01-04,20,3,5127.15,5
P001,Wireless Earbuds,2024-01-04,21,12,14029.2,10
P002,Laptop Stand,2024-01-04,21,6,5124.3,5
P003,USB-C Hub,2024-01-04,21,12,7188.0,0
P004,Mechanical Keyboard,2024-01-04,21,1,2124.15,15
P005,Webcam HD,2024-01-04,21,8,14392.0,0
P001,Wireless Earbuds,2024-01-05,9,10,10392.0,20
P002,Laptop Stand,2024-01-05,9,11,8405.65,15
P003,USB-C Hub,2024-01-05,9,9,5391.0,0
P004,Mechanical Keyboard,2024-01-05,9,5,12495.0,0
P005,Webcam HD,2024-01-05,9,5,8095.5,10
P001,Wireless Earbuds,2024-01-05,10,7,7729.05,15
P002,Laptop Stand,2024-01-05,10,7,5349.05,15
P003,USB-C Hub,2024-01-05,10,14,7547.4,10
P004,Mechanical Keyboard,2024-01-05,10,4,8496.6,15
P005,Webcam HD,2024-01-05,10,7,12593.0,0
P001,Wireless Earbuds,2024-01-05,11,12,13249.8,15
P002,Laptop Stand,2024-01-05,11,5,4045.5,10
P003,USB-C Hub,2024-01-05,11,13,7787.0,0
P004,Mechanical Keyboard,2024-01-05,11,7,14869.05,15
P005,Webcam HD,2024-01-05,11,5,7645.75,15
P001,Wireless Earbuds,2024-01-05,12,15,19485.0,0
P002,Laptop Stand,2024-01-05,12,13,10518.3,10
P003,USB-C Hub,2024-01-05,12,16,9104.8,5
P004,Mechanical Keyboard,2024-01-05,12,1,2499.0,0
P005,Webcam HD,2024-01-05,12,4,7196.0,0
P001,Wireless Earbuds,2024-01-05,13,10,10392.0,20
P002,Laptop Stand,2024-01-05,13,13,10518.3,10
P003,USB-C Hub,2024-01-05,13,20,11381.0,5
P004,Mechanical Keyboard,2024-01-05,13,6,14244.3,5
P005,Webcam HD,2024-01-05,13,7,11333.7,10
P001,Wireless Earbuds,2024-01-05,14,8,8313.6,20
P002,Laptop Stand,2024-01-05,14,14,12586.0,0
P003,USB-C Hub,2024-01-05,14,10,5990.0,0
P004,Mechanical Keyboard,2024-01-05,14,6,14994.0,0
P005,Webcam HD,2024-01-05,14,3,4587.45,15
P001,Wireless Earbuds,2024-01-05,15,7,9093.0,0
P002,Laptop Stand,2024-01-05,15,6,5394.0,0
P003,USB-C Hub,2024-01-05,15,7,4193.0,0
P004,Mechanical Keyboard,2024-01-05,15,5,11870.25,5
P005,Webcam HD,2024-01-05,15,2,3418.1,5
P001,Wireless Earbuds,2024-01-05,16,8,8833.2,15
P002,Laptop Stand,2024-01-05,16,14,12586.0,0
P003,USB-C Hub,2024-01-05,16,20,11381.0,5
P004,Mechanical Keyboard,2024-01-05,16,8,19992.0,0
P005,Webcam HD,2024-01-05,16,3,4587.45,15
P001,Wireless Earbuds,2024-01-05,17,13,16887.0,0
P002,Laptop Stand,2024-01-05,17,4,2876.8,20
P003,USB-C Hub,2024-01-05,17,22,13178.0,0
P004,Mechanical Keyboard,2024-01-05,17,3,5997.6,20
P005,Webcam HD,2024-01-05,17,7,12593.0,0
P001,Wireless Earbuds,2024-01-05,18,12,15588.0,0
P002,Laptop Stand,2024-01-05,18,6,5124.3,5
P003,USB-C Hub,2024-01-05,18,11,5271.2,20
P004,Mechanical Keyboard,2024-01-05,18,8,16993.2,15
P005,Webcam HD,2024-01-05,18,5,7196.0,20
P001,Wireless Earbuds,2024-01-05,19,10,11691.0,10
P002,Laptop Stand,2024-01-05,19,16,12945.6,10
P003,USB-C Hub,2024-01-05,19,22,10542.4,20
P004,Mechanical Keyboard,2024-01-05,19,9,22491.0,0
P005,Webcam HD,2024-01-05,19,9,15381.45,5
P001,Wireless Earbuds,2024-01-05,20,8,8313.6,20
P002,Laptop Stand,2024-01-05,20,8,5753.6,20
P003,USB-C Hub,2024-01-05,20,15,7188.0,20
P004,Mechanical Keyboard,2024-01-05,20,8,16993.2,15
P005,Webcam HD,2024-01-05,20,3,5397.0,0
P001,Wireless Earbuds,2024-01-05,21,11,14289.0,0
P002,Laptop Stand,2024-01-05,21,15,13485.0,0
P003,USB-C Hub,2024-01-05,21,13,7787.0,0
P004,Mechanical Keyboard,2024-01-05,21,9,22491.0,0
P005,Webcam HD,2024-01-05,21,1,1799.0,0
P001,Wireless Earbuds,2024-01-06,9,4,5196.0,0
P002,Laptop Stand,2024-01-06,9,11,8405.65,15
P003,USB-C Hub,2024-01-06,9,13,6618.95,15
P004,Mechanical Keyboard,2024-01-06,9,4,9996.0,0
P005,Webcam HD,2024-01-06,9,7,11963.35,5
P001,Wireless Earbuds,2024-01-06,10,8,9352.8,10
P002,Laptop Stand,2024-01-06,10,9,7686.45,5
P003,USB-C Hub,2024-01-06,10,9,5391.0,0
P004,Mechanical Keyboard,2024-01-06,10,5,11870.25,5
P005,Webcam HD,2024-01-06,10,2,2878.4,20
P001,Wireless Earbuds,2024-01-06,11,12,14808.6,5
P002,Laptop Stand,2024-01-06,11,9,8091.0,0
P003,USB-C Hub,2024-01-06,11,18,10782.0,0
P004,Mechanical Keyboard,2024-01-06,11,7,13994.4,20
P005,Webcam HD,2024-01-06,11,6,9714.6,10
P001,Wireless Earbuds,2024-01-06,12,13,14353.95,15
P002,Laptop Stand,2024-01-06,12,12,8630.4,20
P003,USB-C Hub,2024-01-06,12,15,8535.75,5
P004,Mechanical Keyboard,2024-01-06,12,3,7497.0,0
P005,Webcam HD,2024-01-06,12,6,10254.3,5
P001,Wireless Earbuds,2024-01-06,13,4,4936.2,5
P002,Laptop Stand,2024-01-06,13,6,4584.9,15
P003,USB-C Hub,2024-01-06,13,17,8655.55,15
P004,Mechanical Keyboard,2024-01-06,13,1,1999.2,20
P005,Webcam HD,2024-01-06,13,7,12593.0,0
P001,Wireless Earbuds,2024-01-06,14,13,15198.3,10
P002,Laptop Stand,2024-01-06,14,6,5124.3,5
P003,USB-C Hub,2024-01-06,14,9,5391.0,0
P004,Mechanical Keyboard,2024-01-06,14,6,14994.0,0
P005,Webcam HD,2024-01-06,14,7,12593.0,0
P001,Wireless Earbuds,2024-01-06,15,2,2598.0,0
P002,Laptop Stand,2024-01-06,15,9,8091.0,0
P003,USB-C Hub,2024-01-06,15,13,7397.65,5
P004,Mechanical Keyboard,2024-01-06,15,6,14994.0,0
P005,Webcam HD,2024-01-06,15,5,8995.0,0
P001,Wireless Earbuds,2024-01-06,16,10,12990.0,0
P002,Laptop Stand,2024-01-06,16,7,5978.35,5
P003,USB-C Hub,2024-01-06,16,7,3564.05,15
P004,Mechanical Keyboard,2024-01-06,16,1,2499.0,0
P005,Webcam HD,2024-01-06,16,5,7645.75,15
P001,Wireless Earbuds,2024-01-06,17,4,4156.8,20
P002,Laptop Stand,2024-01-06,17,14,12586.0,0
P003,USB-C Hub,2024-01-06,17,8,4792.0,0
P004,Mechanical Keyboard,2024-01-06,17,4,7996.8,20
P005,Webcam HD,2024-01-06,17,1,1619.1,10
P001,Wireless Earbuds,2024-01-06,18,6,7794.0,0
P002,Laptop Stand,2024-01-06,18,6,5124.3,5
P003,USB-C Hub,2024-01-06,18,13,7008.3,10
P004,Mechanical Keyboard,2024-01-06,18,5,11870.25,5
P005,Webcam HD,2024-01-06,18,8,11513.6,20
P001,Wireless Earbuds,2024-01-06,19,7,9093.0,0
P002,Laptop Stand,2024-01-06,19,14,11327.4,10
P003,USB-C Hub,2024-01-06,19,11,5271.2,20
P004,Mechanical Keyboard,2024-01-06,19,6,14994.0,0
P005,Webcam HD,2024-01-06,19,1,1619.1,10
P001,Wireless Earbuds,2024-01-06,20,2,2598.0,0
P002,Laptop Stand,2024-01-06,20,12,9169.8,15
P003,USB-C Hub,2024-01-06,20,16,9104.8,5
P004,Mechanical Keyboard,2024-01-06,20,3,7497.0,0
P005,Webcam HD,2024-01-06,20,2,3598.0,0
P001,Wireless Earbuds,2024-01-06,21,15,15588.0,20
P002,Laptop Stand,2024-01-06,21,8,5753.6,20
P003,USB-C Hub,2024-01-06,21,13,6229.6,20
P004,Mechanical Keyboard,2024-01-06,21,2,4998.0,0
P005,Webcam HD,2024-01-06,21,6,9174.9,15
P001,Wireless Earbuds,2024-01-07,9,0,0.0,0
P002,Laptop Stand,2024-01-07,9,1,764.15,15
P003,USB-C Hub,2024-01-07,9,1,599.0,0
P004,Mechanical Keyboard,2024-01-07,9,0,0.0,20
P005,Webcam HD,2024-01-07,9,0,0.0,0
P001,Wireless Earbuds,2024-01-07,10,0,0.0,0
P002,Laptop Stand,2024-01-07,10,1,719.2,20
P003,USB-C Hub,2024-01-07,10,2,1018.3,15
P004,Mechanical Keyboard,2024-01-07,10,0,0.0,5
P005,Webcam HD,2024-01-07,10,0,0.0,15
P001,Wireless Earbuds,2024-01-07,11,0,0.0,15
P002,Laptop Stand,2024-01-07,11,0,0.0,10
P003,USB-C Hub,2024-01-07,11,2,958.4,20
P004,Mechanical Keyboard,2024-01-07,11,0,0.0,5
P005,Webcam HD,2024-01-07,11,0,0.0,20
P001,Wireless Earbuds,2024-01-07,12,1,1169.1,10
P002,Laptop Stand,2024-01-07,12,0,0.0,0
P003,USB-C Hub,2024-01-07,12,1,479.2,20
P004,Mechanical Keyboard,2024-01-07,12,0,0.0,0
P005,Webcam HD,2024-01-07,12,0,0.0,0
P001,Wireless Earbuds,2024-01-07,13,1,1169.1,10
P002,Laptop Stand,2024-01-07,13,1,764.15,15
P003,USB-C Hub,2024-01-07,13,1,599.0,0
P004,Mechanical Keyboard,2024-01-07,13,0,0.0,5
P005,Webcam HD,2024-01-07,13,0,0.0,0
P001,Wireless Earbuds,2024-01-07,14,0,0.0,0
P002,Laptop Stand,2024-01-07,14,1,719.2,20
P003,USB-C Hub,2024-01-07,14,1,599.0,0
P004,Mechanical Keyboard,2024-01-07,14,0,0.0,10
P005,Webcam HD,2024-01-07,14,0,0.0,10
P001,Wireless Earbuds,2024-01-07,15,0,0.0,10
P002,Laptop Stand,2024-01-07,15,0,0.0,0
P003,USB-C Hub,2024-01-07,15,1,509.15,15
P004,Mechanical Keyboard,2024-01-07,15,0,0.0,5
P005,Webcam HD,2024-01-07,15,0,0.0,15
P001,Wireless Earbuds,2024-01-07,16,1,1104.15,15
P002,Laptop Stand,2024-01-07,16,1,854.05,5
P003,USB-C Hub,2024-01-07,16,2,958.4,20
P004,Mechanical Keyboard,2024-01-07,16,0,0.0,0
P005,Webcam HD,2024-01-07,16,0,0.0,0
P001,Wireless Earbuds,2024-01-07,17,0,0.0,15
P002,Laptop Stand,2024-01-07,17,0,0.0,0
P003,USB-C Hub,2024-01-07,17,1,569.05,5
P004,Mechanical Keyboard,2024-01-07,17,0,0.0,5
P005,Webcam HD,2024-01-07,17,0,0.0,0
P001,Wireless Earbuds,2024-01-07,18,1,1234.05,5
P002,Laptop Stand,2024-01-07,18,1,899.0,0
P003,USB-C Hub,2024-01-07,18,1,599.0,0
P004,Mechanical Keyboard,2024-01-07,18,0,0.0,15
P005,Webcam HD,2024-01-07,18,0,0.0,0
P001,Wireless Earbuds,2024-01-07,19,0,0.0,15
P002,Laptop Stand,2024-01-07,19,1,719.2,20
P003,USB-C Hub,2024-01-07,19,0,0.0,0
P004,Mechanical Keyboard,2024-01-07,19,0,0.0,15
P005,Webcam HD,2024-01-07,19,0,0.0,0
P001,Wireless Earbuds,2024-01-07,20,1,1169.1,10
P002,Laptop Stand,2024-01-07,20,1,809.1,10
P003,USB-C Hub,2024-01-07,20,1,599.0,0
P004,Mechanical Keyboard,2024-01-07,20,0,0.0,0
P005,Webcam HD,2024-01-07,20,0,0.0,0
P001,Wireless Earbuds,2024-01-07,21,0,0.0,0
P002,Laptop Stand,2024-01-07,21,0,0.0,15
P003,USB-C Hub,2024-01-07,21,2,1198.0,0
P004,Mechanical Keyboard,2024-01-07,21,0,0.0,0
P005,Webcam HD,2024-01-07,21,0,0.0,10
P001,Wireless Earbuds,2024-01-08,9,6,6624.9,15
P002,Laptop Stand,2024-01-08,9,5,3820.75,15
P003,USB-C Hub,2024-01-08,9,21,12579.0,0
P004,Mechanical Keyboard,2024-01-08,9,1,2249.1,10
P005,Webcam HD,2024-01-08,9,3,5127.15,5
P001,Wireless Earbuds,2024-01-08,10,13,16042.65,5
P002,Laptop Stand,2024-01-08,10,9,8091.0,0
P003,USB-C Hub,2024-01-08,10,7,4193.0,0
P004,Mechanical Keyboard,2024-01-08,10,8,19992.0,0
P005,Webcam HD,2024-01-08,10,1,1709.05,5
P001,Wireless Earbuds,2024-01-08,11,10,12990.0,0
P002,Laptop Stand,2024-01-08,11,13,9933.95,15
P003,USB-C Hub,2024-01-08,11,10,5990.0,0
P004,Mechanical Keyboard,2024-01-08,11,2,3998.4,20
P005,Webcam HD,2024-01-08,11,4,7196.0,0
P001,Wireless Earbuds,2024-01-08,12,6,7794.0,0
P002,Laptop Stand,2024-01-08,12,8,5753.6,20
P003,USB-C Hub,2024-01-08,12,18,9703.8,10
P004,Mechanical Keyboard,2024-01-08,12,6,11995.2,20
P005,Webcam HD,2024-01-08,12,9,15381.45,5
P001,Wireless Earbuds,2024-01-08,13,10,12990.0,0
P002,Laptop Stand,2024-01-08,13,13,11102.65,5
P003,USB-C Hub,2024-01-08,13,17,9164.7,10
P004,Mechanical Keyboard,2024-01-08,13,5,11245.5,10
P005,Webcam HD,2024-01-08,13,3,4317.6,20
P001,Wireless Earbuds,2024-01-08,14,6,6624.9,15
P002,Laptop Stand,2024-01-08,14,5,4495.0,0
P003,USB-C Hub,2024-01-08,14,7,4193.0,0
P004,Mechanical Keyboard,2024-01-08,14,4,9996.0,0
P005,Webcam HD,2024-01-08,14,1,1799.0,0
P001,Wireless Earbuds,2024-01-08,15,1,1234.05,5
P002,Laptop Stand,2024-01-08,15,10,7641.5,15
P003,USB-C Hub,2024-01-08,15,21,12579.0,0
P004,Mechanical Keyboard,2024-01-08,15,3,7497.0,0
P005,Webcam HD,2024-01-08,15,6,9174.9,15
P001,Wireless Earbuds,2024-01-08,16,7,7729.05,15
P002,Laptop Stand,2024-01-08,16,13,11687.0,0
P003,USB-C Hub,2024-01-08,16,15,8985.0,0
P004,Mechanical Keyboard,2024-01-08,16,2,4748.1,5
P005,Webcam HD,2024-01-08,16,4,6476.4,10
P001,Wireless Earbuds,2024-01-08,17,7,7729.05,15
P002,Laptop Stand,2024-01-08,17,4,3596.0,0
P003,USB-C Hub,2024-01-08,17,11,6589.0,0
P004,Mechanical Keyboard,2024-01-08,17,1,2499.0,0
P005,Webcam HD,2024-01-08,17,2,3238.2,10
P001,Wireless Earbuds,2024-01-08,18,16,16627.2,20
P002,Laptop Stand,2024-01-08,18,15,13485.0,0
P003,USB-C Hub,2024-01-08,18,19,11381.0,0
P004,Mechanical Keyboard,2024-01-08,18,8,16993.2,15
P005,Webcam HD,2024-01-08,18,4,6116.6,15
P001,Wireless Earbuds,2024-01-08,19,9,11691.0,0
P002,Laptop Stand,2024-01-08,19,11,8900.1,10
P003,USB-C Hub,2024-01-08,19,21,11950.05,5
P004,Mechanical Keyboard,2024-01-08,19,2,4498.2,10
P005,Webcam HD,2024-01-08,19,1,1709.05,5
P001,Wireless Earbuds,2024-01-08,20,15,19485.0,0
P002,Laptop Stand,2024-01-08,20,12,10788.0,0
P003,USB-C Hub,2024-01-08,20,7,4193.0,0
P004,Mechanical Keyboard,2024-01-08,20,2,4248.3,15
P005,Webcam HD,2024-01-08,20,1,1439.2,20
P001,Wireless Earbuds,2024-01-08,21,15,15588.0,20
P002,Laptop Stand,2024-01-08,21,8,6472.8,10
P003,USB-C Hub,2024-01-08,21,7,3354.4,20
P004,Mechanical Keyboard,2024-01-08,21,3,7122.15,5
P005,Webcam HD,2024-01-08,21,9,16191.0,0
P001,Wireless Earbuds,2024-01-09,9,3,3507.3,10
P002,Laptop Stand,2024-01-09,9,10,7641.5,15
P003,USB-C Hub,2024-01-09,9,22,13178.0,0
P004,Mechanical Keyboard,2024-01-09,9,8,19992.0,0
P005,Webcam HD,2024-01-09,9,5,8995.0,0
P001,Wireless Earbuds,2024-01-09,10,6,6624.9,15
P002,Laptop Stand,2024-01-09,10,2,1438.4,20
P003,USB-C Hub,2024-01-09,10,13,7787.0,0
P004,Mechanical Keyboard,2024-01-09,10,7,14869.05,15
P005,Webcam HD,2024-01-09,10,6,10794.0,0
P001,Wireless Earbuds,2024-01-09,11,14,17276.7,5
P002,Laptop Stand,2024-01-09,11,9,8091.0,0
P003,USB-C Hub,2024-01-09,11,21,12579.0,0
P004,Mechanical Keyboard,2024-01-09,11,4,9996.0,0
P005,Webcam HD,2024-01-09,11,5,8995.0,0
P001,Wireless Earbuds,2024-01-09,12,10,10392.0,20
P002,Laptop Stand,2024-01-09,12,10,7192.0,20
P003,USB-C Hub,2024-01-09,12,7,3564.05,15
P004,Mechanical Keyboard,2024-01-09,12,9,21366.45,5
P005,Webcam HD,2024-01-09,12,1,1799.0,0
P001,Wireless Earbuds,2024-01-09,13,13,16887.0,0
P002,Laptop Stand,2024-01-09,13,11,7911.2,20
P003,USB-C Hub,2024-01-09,13,23,11710.45,15
P004,Mechanical Keyboard,2024-01-09,13,10,19992.0,20
P005,Webcam HD,2024-01-09,13,1,1799.0,0
P001,Wireless Earbuds,2024-01-09,14,6,7014.6,10
P002,Laptop Stand,2024-01-09,14,6,5394.0,0
P003,USB-C Hub,2024-01-09,14,21,10692.15,15
P004,Mechanical Keyboard,2024-01-09,14,8,19992.0,0
P005,Webcam HD,2024-01-09,14,1,1529.15,15
P001,Wireless Earbuds,2024-01-09,15,13,13509.6,20
P002,Laptop Stand,2024-01-09,15,6,4584.9,15
P003,USB-C Hub,2024-01-09,15,14,8386.0,0
P004,Mechanical Keyboard,2024-01-09,15,1,2249.1,10
P005,Webcam HD,2024-01-09,15,7,12593.0,0
P001,Wireless Earbuds,2024-01-09,16,6,6235.2,20
P002,Laptop Stand,2024-01-09,16,4,3416.2,5
P003,USB-C Hub,2024-01-09,16,10,5091.5,15
P004,Mechanical Keyboard,2024-01-09,16,3,7122.15,5
P005,Webcam HD,2024-01-09,16,4,6476.4,10
P001,Wireless Earbuds,2024-01-09,17,15,19485.0,0
P002,Laptop Stand,2024-01-09,17,13,9349.6,20
P003,USB-C Hub,2024-01-09,17,24,13657.2,5
P004,Mechanical Keyboard,2024-01-09,17,3,7122.15,5
P005,Webcam HD,2024-01-09,17,4,6836.2,5
P001,Wireless Earbuds,2024-01-09,18,6,7014.6,10
P002,Laptop Stand,2024-01-09,18,8,6113.2,15
P003,USB-C Hub,2024-01-09,18,10,4792.0,20
P004,Mechanical Keyboard,2024-01-09,18,1,2499.0,0
P005,Webcam HD,2024-01-09,18,6,10794.0,0
P001,Wireless Earbuds,2024-01-09,19,12,15588.0,0
P002,Laptop Stand,2024-01-09,19,6,5394.0,0
P003,USB-C Hub,2024-01-09,19,17,8146.4,20
P004,Mechanical Keyboard,2024-01-09,19,7,13994.4,20
P005,Webcam HD,2024-01-09,19,4,6836.2,5
P001,Wireless Earbuds,2024-01-09,20,8,9872.4,5
P002,Laptop Stand,2024-01-09,20,9,8091.0,0
P003,USB-C Hub,2024-01-09,20,26,12459.2,20
P004,Mechanical Keyboard,2024-01-09,20,4,9496.2,5
P005,Webcam HD,2024-01-09,20,7,10074.4,20
P001,Wireless Earbuds,2024-01-09,21,7,7729.05,15
P002,Laptop Stand,2024-01-09,21,6,4854.6,10
P003,USB-C Hub,2024-01-09,21,20,11980.0,0
P004,Mechanical Keyboard,2024-01-09,21,10,24990.0,0
P005,Webcam HD,2024-01-09,21,6,9174.9,15
P001,Wireless Earbuds,2024-01-10,9,11,12145.65,15
P002,Laptop Stand,2024-01-10,9,9,7686.45,5
P003,USB-C Hub,2024-01-10,9,10,5690.5,5
P004,Mechanical Keyboard,2024-01-10,9,2,4998.0,0
P005,Webcam HD,2024-01-10,9,4,5756.8,20
P001,Wireless Earbuds,2024-01-10,10,5,5196.0,20
P002,Laptop Stand,2024-01-10,10,10,8990.0,0
P003,USB-C Hub,2024-01-10,10,24,13657.2,5
P004,Mechanical Keyboard,2024-01-10,10,1,2124.15,15
P005,Webcam HD,2024-01-10,10,4,6836.2,5
P001,Wireless Earbuds,2024-01-10,11,13,16887.0,0
P002,Laptop Stand,2024-01-10,11,4,3416.2,5
P003,USB-C Hub,2024-01-10,11,14,8386.0,0
P004,Mechanical Keyboard,2024-01-10,11,6,12744.9,15
P005,Webcam HD,2024-01-10,11,2,2878.4,20
P001,Wireless Earbuds,2024-01-10,12,10,10392.0,20
P002,Laptop Stand,2024-01-10,12,12,8630.4,20
P003,USB-C Hub,2024-01-10,12,26,14795.3,5
P004,Mechanical Keyboard,2024-01-10,12,8,16993.2,15
P005,Webcam HD,2024-01-10,12,8,11513.6,20
P001,Wireless Earbuds,2024-01-10,13,14,18186.0,0
P002,Laptop Stand,2024-01-10,13,11,9889.0,0
P003,USB-C Hub,2024-01-10,13,13,6618.95,15
P004,Mechanical Keyboard,2024-01-10,13,2,4998.0,0
P005,Webcam HD,2024-01-10,13,4,6836.2,5
P001,Wireless Earbuds,2024-01-10,14,5,5196.0,20
P002,Laptop Stand,2024-01-10,14,13,9933.95,15
P003,USB-C Hub,2024-01-10,14,11,6259.55,5
P004,Mechanical Keyboard,2024-01-10,14,1,2124.15,15
P005,Webcam HD,2024-01-10,14,8,14392.0,0
P001,Wireless Earbuds,2024-01-10,15,4,5196.0,0
P002,Laptop Stand,2024-01-10,15,4,3596.0,0
P003,USB-C Hub,2024-01-10,15,20,11980.0,0
P004,Mechanical Keyboard,2024-01-10,15,7,17493.0,0
P005,Webcam HD,2024-01-10,15,4,6476.4,10
P001,Wireless Earbuds,2024-01-10,16,8,9352.8,10
P002,Laptop Stand,2024-01-10,16,14,10068.8,20
P003,USB-C Hub,2024-01-10,16,15,8985.0,0
P004,Mechanical Keyboard,2024-01-10,16,5,12495.0,0
P005,Webcam HD,2024-01-10,16,9,14571.9,10
P001,Wireless Earbuds,2024-01-10,17,13,16887.0,0
P002,Laptop Stand,2024-01-10,17,9,7281.9,10
P003,USB-C Hub,2024-01-10,17,11,6589.0,0
P004,Mechanical Keyboard,2024-01-10,17,8,16993.2,15
P005,Webcam HD,2024-01-10,17,6,10254.3,5
P001,Wireless Earbuds,2024-01-10,18,5,5520.75,15
P002,Laptop Stand,2024-01-10,18,6,4315.2,20
P003,USB-C Hub,2024-01-10,18,21,12579.0,0
P004,Mechanical Keyboard,2024-01-10,18,2,4998.0,0
P005,Webcam HD,2024-01-10,18,6,10794.0,0
P001,Wireless Earbuds,2024-01-10,19,10,12990.0,0
P002,Laptop Stand,2024-01-10,19,15,12810.75,5
P003,USB-C Hub,2024-01-10,19,16,9104.8,5
P004,Mechanical Keyboard,2024-01-10,19,3,7497.0,0
P005,Webcam HD,2024-01-10,19,5,7196.0,20
P001,Wireless Earbuds,2024-01-10,20,10,12990.0,0
P002,Laptop Stand,2024-01-10,20,9,7686.45,5
P003,USB-C Hub,2024-01-10,20,18,9703.8,10
P004,Mechanical Keyboard,2024-01-10,20,2,4248.3,15
P005,Webcam HD,2024-01-10,20,4,7196.0,0
P001,Wireless Earbuds,2024-01-10,21,13,16042.65,5
P002,Laptop Stand,2024-01-10,21,3,2697.0,0
P003,USB-C Hub,2024-01-10,21,8,4312.8,10
P004,Mechanical Keyboard,2024-01-10,21,7,13994.4,20
P005,Webcam HD,2024-01-10,21,6,8635.2,20
P001,Wireless Earbuds,2024-01-11,9,9,10521.9,10
P002,Laptop Stand,2024-01-11,9,10,8990.0,0
P003,USB-C Hub,2024-01-11,9,13,7008.3,10
P004,Mechanical Keyboard,2024-01-11,9,3,6372.45,15
P005,Webcam HD,2024-01-11,9,6,9174.9,15
P001,Wireless Earbuds,2024-01-11,10,5,5520.75,15
P002,Laptop Stand,2024-01-11,10,14,12586.0,0
P003,USB-C Hub,2024-01-11,10,16,7667.2,20
P004,Mechanical Keyboard,2024-01-11,10,8,19992.0,0
P005,Webcam HD,2024-01-11,10,5,7645.75,15
P001,Wireless Earbuds,2024-01-11,11,5,6495.0,0
P002,Laptop Stand,2024-01-11,11,7,6293.0,0
P003,USB-C Hub,2024-01-11,11,20,11980.0,0
P004,Mechanical Keyboard,2024-01-11,11,3,7497.0,0
P005,Webcam HD,2024-01-11,11,4,6476.4,10
P001,Wireless Earbuds,2024-01-11,12,12,15588.0,0
P002,Laptop Stand,2024-01-11,12,5,4495.0,0
P003,USB-C Hub,2024-01-11,12,25,11980.0,20
P004,Mechanical Keyboard,2024-01-11,12,1,2124.15,15
P005,Webcam HD,2024-01-11,12,7,10074.4,20
P001,Wireless Earbuds,2024-01-11,13,6,7404.3,5
P002,Laptop Stand,2024-01-11,13,1,899.0,0
P003,USB-C Hub,2024-01-11,13,14,6708.8,20
P004,Mechanical Keyboard,2024-01-11,13,6,11995.2,20
P005,Webcam HD,2024-01-11,13,3,5397.0,0
P001,Wireless Earbuds,2024-01-11,14,8,10392.0,0
P002,Laptop Stand,2024-01-11,14,6,4854.6,10
P003,USB-C Hub,2024-01-11,14,13,7397.65,5
P004,Mechanical Keyboard,2024-01-11,14,7,14869.05,15
P005,Webcam HD,2024-01-11,14,6,9714.6,10
P001,Wireless Earbuds,2024-01-11,15,11,11431.2,20
P002,Laptop Stand,2024-01-11,15,12,10788.0,0
P003,USB-C Hub,2024-01-11,15,10,5091.5,15
P004,Mechanical Keyboard,2024-01-11,15,4,9496.2,5
P005,Webcam HD,2024-01-11,15,1,1619.1,10
P001,Wireless Earbuds,2024-01-11,16,13,16887.0,0
P002,Laptop Stand,2024-01-11,16,12,10788.0,0
P003,USB-C Hub,2024-01-11,16,9,4582.35,15
P004,Mechanical Keyboard,2024-01-11,16,9,19117.35,15
P005,Webcam HD,2024-01-11,16,5,7645.75,15
P001,Wireless Earbuds,2024-01-11,17,9,11691.0,0
P002,Laptop Stand,2024-01-11,17,7,6293.0,0
P003,USB-C Hub,2024-01-11,17,7,4193.0,0
P004,Mechanical Keyboard,2024-01-11,17,8,19992.0,0
P005,Webcam HD,2024-01-11,17,2,3598.0,0
P001,Wireless Earbuds,2024-01-11,18,11,14289.0,0
P002,Laptop Stand,2024-01-11,18,10,8540.5,5
P003,USB-C Hub,2024-01-11,18,17,8655.55,15
P004,Mechanical Keyboard,2024-01-11,18,8,17992.8,10
P005,Webcam HD,2024-01-11,18,2,3418.1,5
P001,Wireless Earbuds,2024-01-11,19,13,16887.0,0
P002,Laptop Stand,2024-01-11,19,12,9709.2,10
P003,USB-C Hub,2024-01-11,19,19,11381.0,0
P004,Mechanical Keyboard,2024-01-11,19,1,2124.15,15
P005,Webcam HD,2024-01-11,19,3,5397.0,0
P001,Wireless Earbuds,2024-01-11,20,11,13574.55,5
P002,Laptop Stand,2024-01-11,20,5,3596.0,20
P003,USB-C Hub,2024-01-11,20,21,12579.0,0
P004,Mechanical Keyboard,2024-01-11,20,2,4498.2,10
P005,Webcam HD,2024-01-11,20,8,14392.0,0
P001,Wireless Earbuds,2024-01-11,21,10,12990.0,0
P002,Laptop Stand,2024-01-11,21,6,5394.0,0
P003,USB-C Hub,2024-01-11,21,21,12579.0,0
P004,Mechanical Keyboard,2024-01-11,21,4,8496.6,15
P005,Webcam HD,2024-01-11,21,1,1799.0,0
P001,Wireless Earbuds,2024-01-12,9,10,12990.0,0
P002,Laptop Stand,2024-01-12,9,6,4315.2,20
P003,USB-C Hub,2024-01-12,9,14,8386.0,0
P004,Mechanical Keyboard,2024-01-12,9,3,6747.3,10
P005,Webcam HD,2024-01-12,9,3,4317.6,20
P001,Wireless Earbuds,2024-01-12,10,7,9093.0,0
P002,Laptop Stand,2024-01-12,10,3,2157.6,20
P003,USB-C Hub,2024-01-12,10,5,2995.0,0
P004,Mechanical Keyboard,2024-01-12,10,4,9996.0,0
P005,Webcam HD,2024-01-12,10,5,7196.0,20
P001,Wireless Earbuds,2024-01-12,11,5,6495.0,0
P002,Laptop Stand,2024-01-12,11,14,10068.8,20
P003,USB-C Hub,2024-01-12,11,8,4792.0,0
P004,Mechanical Keyboard,2024-01-12,11,1,2499.0,0
P005,Webcam HD,2024-01-12,11,2,3238.2,10
P001,Wireless Earbuds,2024-01-12,12,9,11691.0,0
P002,Laptop Stand,2024-01-12,12,4,3596.0,0
P003,USB-C Hub,2024-01-12,12,9,5391.0,0
P004,Mechanical Keyboard,2024-01-12,12,4,8996.4,10
P005,Webcam HD,2024-01-12,12,3,4587.45,15
P001,Wireless Earbuds,2024-01-12,13,5,6170.25,5
P002,Laptop Stand,2024-01-12,13,11,7911.2,20
P003,USB-C Hub,2024-01-12,13,20,10782.0,10
P004,Mechanical Keyboard,2024-01-12,13,4,9496.2,5
P005,Webcam HD,2024-01-12,13,5,8095.5,10
P001,Wireless Earbuds,2024-01-12,14,1,1104.15,15
P002,Laptop Stand,2024-01-12,14,12,9709.2,10
P003,USB-C Hub,2024-01-12,14,16,9104.8,5
P004,Mechanical Keyboard,2024-01-12,14,1,2499.0,0
P005,Webcam HD,2024-01-12,14,8,11513.6,20
P001,Wireless Earbuds,2024-01-12,15,8,9872.4,5
P002,Laptop Stand,2024-01-12,15,14,12586.0,0
P003,USB-C Hub,2024-01-12,15,21,10692.15,15
P004,Mechanical Keyboard,2024-01-12,15,7,17493.0,0
P005,Webcam HD,2024-01-12,15,1,1799.0,0
P001,Wireless Earbuds,2024-01-12,16,11,14289.0,0
P002,Laptop Stand,2024-01-12,16,2,1798.0,0
P003,USB-C Hub,2024-01-12,16,14,7547.4,10
P004,Mechanical Keyboard,2024-01-12,16,7,16618.35,5
P005,Webcam HD,2024-01-12,16,3,5127.15,5
P001,Wireless Earbuds,2024-01-12,17,15,17536.5,10
P002,Laptop Stand,2024-01-12,17,10,8990.0,0
P003,USB-C Hub,2024-01-12,17,11,5271.2,20
P004,Mechanical Keyboard,2024-01-12,17,2,4748.1,5
P005,Webcam HD,2024-01-12,17,9,16191.0,0
P001,Wireless Earbuds,2024-01-12,18,9,11691.0,0
P002,Laptop Stand,2024-01-12,18,11,9394.55,5
P003,USB-C Hub,2024-01-12,18,24,12219.6,15
P004,Mechanical Keyboard,2024-01-12,18,1,2499.0,0
P005,Webcam HD,2024-01-12,18,8,14392.0,0
P001,Wireless Earbuds,2024-01-12,19,12,15588.0,0
P002,Laptop Stand,2024-01-12,19,8,7192.0,0
P003,USB-C Hub,2024-01-12,19,25,14975.0,0
P004,Mechanical Keyboard,2024-01-12,19,1,1999.2,20
P005,Webcam HD,2024-01-12,19,4,7196.0,0
P001,Wireless Earbuds,2024-01-12,20,11,14289.0,0
P002,Laptop Stand,2024-01-12,20,14,10698.1,15
P003,USB-C Hub,2024-01-12,20,19,9104.8,20
P004,Mechanical Keyboard,2024-01-12,20,4,8996.4,10
P005,Webcam HD,2024-01-12,20,1,1619.1,10
P001,Wireless Earbuds,2024-01-12,21,9,10521.9,10
P002,Laptop Stand,2024-01-12,21,7,5349.05,15
P003,USB-C Hub,2024-01-12,21,10,5690.5,5
P004,Mechanical Keyboard,2024-01-12,21,5,9996.0,20
P005,Webcam HD,2024-01-12,21,7,10074.4,20
P001,Wireless Earbuds,2024-01-13,9,15,19485.0,0
P002,Laptop Stand,2024-01-13,9,5,4045.5,10
P003,USB-C Hub,2024-01-13,9,17,10183.0,0
P004,Mechanical Keyboard,2024-01-13,9,2,4498.2,10
P005,Webcam HD,2024-01-13,9,4,7196.0,0
P001,Wireless Earbuds,2024-01-13,10,15,18510.75,5
P002,Laptop Stand,2024-01-13,10,8,5753.6,20
P003,USB-C Hub,2024-01-13,10,11,6589.0,0
P004,Mechanical Keyboard,2024-01-13,10,5,12495.0,0
P005,Webcam HD,2024-01-13,10,2,3238.2,10
P001,Wireless Earbuds,2024-01-13,11,7,7274.4,20
P002,Laptop Stand,2024-01-13,11,10,7192.0,20
P003,USB-C Hub,2024-01-13,11,25,11980.0,20
P004,Mechanical Keyboard,2024-01-13,11,1,2249.1,10
P005,Webcam HD,2024-01-13,11,3,5397.0,0
P001,Wireless Earbuds,2024-01-13,12,7,9093.0,0
P002,Laptop Stand,2024-01-13,12,14,10068.8,20
P003,USB-C Hub,2024-01-13,12,18,10782.0,0
P004,Mechanical Keyboard,2024-01-13,12,6,14994.0,0
P005,Webcam HD,2024-01-13,12,3,4317.6,20
P001,Wireless Earbuds,2024-01-13,13,7,8183.7,10
P002,Laptop Stand,2024-01-13,13,13,11102.65,5
P003,USB-C Hub,2024-01-13,13,10,5990.0,0
P004,Mechanical Keyboard,2024-01-13,13,1,2499.0,0
P005,Webcam HD,2024-01-13,13,3,5127.15,5
P001,Wireless Earbuds,2024-01-13,14,9,11106.45,5
P002,Laptop Stand,2024-01-13,14,9,8091.0,0
P003,USB-C Hub,2024-01-13,14,18,10782.0,0
P004,Mechanical Keyboard,2024-01-13,14,7,13994.4,20
P005,Webcam HD,2024-01-13,14,1,1799.0,0
P001,Wireless Earbuds,2024-01-13,15,5,6495.0,0
P002,Laptop Stand,2024-01-13,15,12,10788.0,0
P003,USB-C Hub,2024-01-13,15,12,7188.0,0
P004,Mechanical Keyboard,2024-01-13,15,8,16993.2,15
P005,Webcam HD,2024-01-13,15,8,13672.4,5
P001,Wireless Earbuds,2024-01-13,16,10,12340.5,5
P002,Laptop Stand,2024-01-13,16,10,8990.0,0
P003,USB-C Hub,2024-01-13,16,15,7188.0,20
P004,Mechanical Keyboard,2024-01-13,16,2,4998.0,0
P005,Webcam HD,2024-01-13,16,8,14392.0,0
P001,Wireless Earbuds,2024-01-13,17,7,7729.05,15
P002,Laptop Stand,2024-01-13,17,16,12945.6,10
P003,USB-C Hub,2024-01-13,17,26,14016.6,10
P004,Mechanical Keyboard,2024-01-13,17,4,9996.0,0
P005,Webcam HD,2024-01-13,17,3,5127.15,5
P001,Wireless Earbuds,2024-01-13,18,15,19485.0,0
P002,Laptop Stand,2024-01-13,18,6,5394.0,0
P003,USB-C Hub,2024-01-13,18,16,9584.0,0
P004,Mechanical Keyboard,2024-01-13,18,2,3998.4,20
P005,Webcam HD,2024-01-13,18,4,7196.0,0
P001,Wireless Earbuds,2024-01-13,19,6,7794.0,0
P002,Laptop Stand,2024-01-13,19,2,1708.1,5
P003,USB-C Hub,2024-01-13,19,19,11381.0,0
P004,Mechanical Keyboard,2024-01-13,19,1,2374.05,5
P005,Webcam HD,2024-01-13,19,3,4857.3,10
P001,Wireless Earbuds,2024-01-13,20,12,12470.4,20
P002,Laptop Stand,2024-01-13,20,16,11507.2,20
P003,USB-C Hub,2024-01-13,20,17,10183.0,0
P004,Mechanical Keyboard,2024-01-13,20,8,15993.6,20
P005,Webcam HD,2024-01-13,20,1,1709.05,5
P001,Wireless Earbuds,2024-01-13,21,3,3702.15,5
P002,Laptop Stand,2024-01-13,21,6,4315.2,20
P003,USB-C Hub,2024-01-13,21,16,8625.6,10
P004,Mechanical Keyboard,2024-01-13,21,7,15743.7,10
P005,Webcam HD,2024-01-13,21,7,10704.05,15
P001,Wireless Earbuds,2024-01-14,9,14,17276.7,5
P002,Laptop Stand,2024-01-14,9,8,7192.0,0
P003,USB-C Hub,2024-01-14,9,23,13777.0,0
P004,Mechanical Keyboard,2024-01-14,9,5,12495.0,0
P005,Webcam HD,2024-01-14,9,7,10074.4,20
P001,Wireless Earbuds,2024-01-14,10,14,18186.0,0
P002,Laptop Stand,2024-01-14,10,4,3416.2,5
P003,USB-C Hub,2024-01-14,10,10,5990.0,0
P004,Mechanical Keyboard,2024-01-14,10,8,17992.8,10
P005,Webcam HD,2024-01-14,10,9,14571.9,10
P001,Wireless Earbuds,2024-01-14,11,4,4936.2,5
P002,Laptop Stand,2024-01-14,11,6,4584.9,15
P003,USB-C Hub,2024-01-14,11,18,10782.0,0
P004,Mechanical Keyboard,2024-01-14,11,5,9996.0,20
P005,Webcam HD,2024-01-14,11,3,5397.0,0
P001,Wireless Earbuds,2024-01-14,12,12,13249.8,15
P002,Laptop Stand,2024-01-14,12,2,1618.2,10
P003,USB-C Hub,2024-01-14,12,26,15574.0,0
P004,Mechanical Keyboard,2024-01-14,12,8,19992.0,0
P005,Webcam HD,2024-01-14,12,2,3598.0,0
P001,Wireless Earbuds,2024-01-14,13,4,5196.0,0
P002,Laptop Stand,2024-01-14,13,8,7192.0,0
P003,USB-C Hub,2024-01-14,13,13,7008.3,10
P004,Mechanical Keyboard,2024-01-14,13,3,5997.6,20
P005,Webcam HD,2024-01-14,13,5,8995.0,0
P001,Wireless Earbuds,2024-01-14,14,13,16042.65,5
P002,Laptop Stand,2024-01-14,14,9,6472.8,20
P003,USB-C Hub,2024-01-14,14,19,9673.85,15
P004,Mechanical Keyboard,2024-01-14,14,4,7996.8,20
P005,Webcam HD,2024-01-14,14,5,8995.0,0
P001,Wireless Earbuds,2024-01-14,15,13,16887.0,0
P002,Laptop Stand,2024-01-14,15,10,8540.5,5
P003,USB-C Hub,2024-01-14,15,17,8146.4,20
P004,Mechanical Keyboard,2024-01-14,15,4,8996.4,10
P005,Webcam HD,2024-01-14,15,2,3598.0,0
P001,Wireless Earbuds,2024-01-14,16,15,19485.0,0
P002,Laptop Stand,2024-01-14,16,7,5978.35,5
P003,USB-C Hub,2024-01-14,16,21,12579.0,0
P004,Mechanical Keyboard,2024-01-14,16,2,4998.0,0
P005,Webcam HD,2024-01-14,16,6,10794.0,0
P001,Wireless Earbuds,2024-01-14,17,16,16627.2,20
P002,Laptop Stand,2024-01-14,17,5,4045.5,10
P003,USB-C Hub,2024-01-14,17,23,13088.15,5
P004,Mechanical Keyboard,2024-01-14,17,8,17992.8,10
P005,Webcam HD,2024-01-14,17,2,3418.1,5
P001,Wireless Earbuds,2024-01-14,18,14,15458.1,15
P002,Laptop Stand,2024-01-14,18,7,6293.0,0
P003,USB-C Hub,2024-01-14,18,24,12938.4,10
P004,Mechanical Keyboard,2024-01-14,18,4,9996.0,0
P005,Webcam HD,2024-01-14,18,10,17990.0,0
P001,Wireless Earbuds,2024-01-14,19,9,9937.35,15
P002,Laptop Stand,2024-01-14,19,4,3236.4,10
P003,USB-C Hub,2024-01-14,19,13,7787.0,0
P004,Mechanical Keyboard,2024-01-14,19,5,10620.75,15
P005,Webcam HD,2024-01-14,19,6,10254.3,5
P001,Wireless Earbuds,2024-01-14,20,12,14029.2,10
P002,Laptop Stand,2024-01-14,20,12,10788.0,0
P003,USB-C Hub,2024-01-14,20,19,11381.0,0
P004,Mechanical Keyboard,2024-01-14,20,6,14244.3,5
P005,Webcam HD,2024-01-14,20,7,10074.4,20
P001,Wireless Earbuds,2024-01-14,21,9,9937.35,15
P002,Laptop Stand,2024-01-14,21,10,8990.0,0
P003,USB-C Hub,2024-01-14,21,19,11381.0,0
P004,Mechanical Keyboard,2024-01-14,21,6,14994.0,0
P005,Webcam HD,2024-01-14,21,10,17990.0,0
P001,Wireless Earbuds,2024-01-15,9,1,1104.15,15
P002,Laptop Stand,2024-01-15,9,2,1618.2,10
P003,USB-C Hub,2024-01-15,9,2,1198.0,0
P004,Mechanical Keyboard,2024-01-15,9,0,0.0,10
P005,Webcam HD,2024-01-15,9,0,0.0,0
P001,Wireless Earbuds,2024-01-15,10,1,1104.15,15
P002,Laptop Stand,2024-01-15,10,3,2292.45,15
P003,USB-C Hub,2024-01-15,10,4,2396.0,0
P004,Mechanical Keyboard,2024-01-15,10,0,0.0,0
P005,Webcam HD,2024-01-15,10,1,1529.15,15
P001,Wireless Earbuds,2024-01-15,11,2,2078.4,20
P002,Laptop Stand,2024-01-15,11,0,0.0,15
P003,USB-C Hub,2024-01-15,11,4,2396.0,0
P004,Mechanical Keyboard,2024-01-15,11,1,2249.1,10
P005,Webcam HD,2024-01-15,11,1,1799.0,0
P001,Wireless Earbuds,2024-01-15,12,1,1299.0,0
P002,Laptop Stand,2024-01-15,12,1,899.0,0
P003,USB-C Hub,2024-01-15,12,3,1437.6,20
P004,Mechanical Keyboard,2024-01-15,12,2,4998.0,0
P005,Webcam HD,2024-01-15,12,0,0.0,0
P001,Wireless Earbuds,2024-01-15,13,1,1299.0,0
P002,Laptop Stand,2024-01-15,13,2,1438.4,20
P003,USB-C Hub,2024-01-15,13,1,539.1,10
P004,Mechanical Keyboard,2024-01-15,13,0,0.0,15
P005,Webcam HD,2024-01-15,13,1,1439.2,20
P001,Wireless Earbuds,2024-01-15,14,2,2598.0,0
P002,Laptop Stand,2024-01-15,14,2,1708.1,5
P003,USB-C Hub,2024-01-15,14,2,1198.0,0
P004,Mechanical Keyboard,2024-01-15,14,0,0.0,20
P005,Webcam HD,2024-01-15,14,0,0.0,15
P001,Wireless Earbuds,2024-01-15,15,1,1299.0,0
P002,Laptop Stand,2024-01-15,15,2,1798.0,0
P003,USB-C Hub,2024-01-15,15,3,1707.15,5
P004,Mechanical Keyboard,2024-01-15,15,0,0.0,20
P005,Webcam HD,2024-01-15,15,2,3598.0,0
P001,Wireless Earbuds,2024-01-15,16,2,2598.0,0
P002,Laptop Stand,2024-01-15,16,1,719.2,20
P003,USB-C Hub,2024-01-15,16,4,1916.8,20
P004,Mechanical Keyboard,2024-01-15,16,0,0.0,0
P005,Webcam HD,2024-01-15,16,1,1709.05,5
P001,Wireless Earbuds,2024-01-15,17,1,1039.2,20
P002,Laptop Stand,2024-01-15,17,2,1618.2,10
P003,USB-C Hub,2024-01-15,17,4,2276.2,5
P004,Mechanical Keyboard,2024-01-15,17,1,1999.2,20
P005,Webcam HD,2024-01-15,17,0,0.0,20
P001,Wireless Earbuds,2024-01-15,18,2,2598.0,0
P002,Laptop Stand,2024-01-15,18,1,899.0,0
P003,USB-C Hub,2024-01-15,18,4,1916.8,20
P004,Mechanical Keyboard,2024-01-15,18,1,2249.1,10
P005,Webcam HD,2024-01-15,18,0,0.0,15
P001,Wireless Earbuds,2024-01-15,19,2,2078.4,20
P002,Laptop Stand,2024-01-15,19,1,899.0,0
P003,USB-C Hub,2024-01-15,19,2,958.4,20
P004,Mechanical Keyboard,2024-01-15,19,0,0.0,0
P005,Webcam HD,2024-01-15,19,1,1619.1,10
P001,Wireless Earbuds,2024-01-15,20,1,1039.2,20
P002,Laptop Stand,2024-01-15,20,1,899.0,0
P003,USB-C Hub,2024-01-15,20,3,1437.6,20
P004,Mechanical Keyboard,2024-01-15,20,1,2499.0,0
P005,Webcam HD,2024-01-15,20,0,0.0,5
P001,Wireless Earbuds,2024-01-15,21,0,0.0,5
P002,Laptop Stand,2024-01-15,21,2,1798.0,0
P003,USB-C Hub,2024-01-15,21,3,1707.15,5
P004,Mechanical Keyboard,2024-01-15,21,0,0.0,0
P005,Webcam HD,2024-01-15,21,0,0.0,0
P001,Wireless Earbuds,2024-01-16,9,6,7794.0,0
P002,Laptop Stand,2024-01-16,9,14,10698.1,15
P003,USB-C Hub,2024-01-16,9,14,6708.8,20
P004,Mechanical Keyboard,2024-01-16,9,1,2499.0,0
P005,Webcam HD,2024-01-16,9,2,3598.0,0
P001,Wireless Earbuds,2024-01-16,10,12,13249.8,15
P002,Laptop Stand,2024-01-16,10,6,4315.2,20
P003,USB-C Hub,2024-01-16,10,21,11950.05,5
P004,Mechanical Keyboard,2024-01-16,10,1,2499.0,0
P005,Webcam HD,2024-01-16,10,1,1799.0,0
P001,Wireless Earbuds,2024-01-16,11,5,5196.0,20
P002,Laptop Stand,2024-01-16,11,8,6472.8,10
P003,USB-C Hub,2024-01-16,11,25,14226.25,5
P004,Mechanical Keyboard,2024-01-16,11,1,1999.2,20
P005,Webcam HD,2024-01-16,11,5,8995.0,0
P001,Wireless Earbuds,2024-01-16,12,8,10392.0,0
P002,Laptop Stand,2024-01-16,12,1,899.0,0
P003,USB-C Hub,2024-01-16,12,20,10183.0,15
P004,Mechanical Keyboard,2024-01-16,12,6,14994.0,0
P005,Webcam HD,2024-01-16,12,1,1439.2,20
P001,Wireless Earbuds,2024-01-16,13,10,11691.0,10
P002,Laptop Stand,2024-01-16,13,14,12586.0,0
P003,USB-C Hub,2024-01-16,13,24,12938.4,10
P004,Mechanical Keyboard,2024-01-16,13,3,6372.45,15
P005,Webcam HD,2024-01-16,13,3,5397.0,0
P001,Wireless Earbuds,2024-01-16,14,12,15588.0,0
P002,Laptop Stand,2024-01-16,14,14,12586.0,0
P003,USB-C Hub,2024-01-16,14,15,8086.5,10
P004,Mechanical Keyboard,2024-01-16,14,6,14994.0,0
P005,Webcam HD,2024-01-16,14,3,4857.3,10
P001,Wireless Earbuds,2024-01-16,15,9,11691.0,0
P002,Laptop Stand,2024-01-16,15,13,10518.3,10
P003,USB-C Hub,2024-01-16,15,24,11500.8,20
P004,Mechanical Keyboard,2024-01-16,15,2,4748.1,5
P005,Webcam HD,2024-01-16,15,7,12593.0,0
P001,Wireless Earbuds,2024-01-16,16,15,18510.75,5
P002,Laptop Stand,2024-01-16,16,9,8091.0,0
P003,USB-C Hub,2024-01-16,16,11,6589.0,0
P004,Mechanical Keyboard,2024-01-16,16,1,2499.0,0
P005,Webcam HD,2024-01-16,16,6,9174.9,15
P001,Wireless Earbuds,2024-01-16,17,14,15458.1,15
P002,Laptop Stand,2024-01-16,17,4,2876.8,20
P003,USB-C Hub,2024-01-16,17,17,10183.0,0
P004,Mechanical Keyboard,2024-01-16,17,1,2499.0,0
P005,Webcam HD,2024-01-16,17,6,8635.2,20
P001,Wireless Earbuds,2024-01-16,18,14,18186.0,0
P002,Laptop Stand,2024-01-16,18,13,11102.65,5
P003,USB-C Hub,2024-01-16,18,22,11201.3,15
P004,Mechanical Keyboard,2024-01-16,18,6,11995.2,20
P005,Webcam HD,2024-01-16,18,5,8995.0,0
P001,Wireless Earbuds,2024-01-16,19,15,15588.0,20
P002,Laptop Stand,2024-01-16,19,11,9889.0,0
P003,USB-C Hub,2024-01-16,19,17,10183.0,0
P004,Mechanical Keyboard,2024-01-16,19,1,1999.2,20
P005,Webcam HD,2024-01-16,19,2,3598.0,0
P001,Wireless Earbuds,2024-01-16,20,8,10392.0,0
P002,Laptop Stand,2024-01-16,20,9,7686.45,5
P003,USB-C Hub,2024-01-16,20,25,14226.25,5
P004,Mechanical Keyboard,2024-01-16,20,5,12495.0,0
P005,Webcam HD,2024-01-16,20,3,5397.0,0
P001,Wireless Earbuds,2024-01-16,21,11,11431.2,20
P002,Laptop Stand,2024-01-16,21,2,1438.4,20
P003,USB-C Hub,2024-01-16,21,15,8985.0,0
P004,Mechanical Keyboard,2024-01-16,21,2,3998.4,20
P005,Webcam HD,2024-01-16,21,7,11963.35,5
P001,Wireless Earbuds,2024-01-17,9,12,13249.8,15
P002,Laptop Stand,2024-01-17,9,10,8540.5,5
P003,USB-C Hub,2024-01-17,9,19,11381.0,0
P004,Mechanical Keyboard,2024-01-17,9,7,14869.05,15
P005,Webcam HD,2024-01-17,9,7,12593.0,0
P001,Wireless Earbuds,2024-01-17,10,13,16887.0,0
P002,Laptop Stand,2024-01-17,10,5,3820.75,15
P003,USB-C Hub,2024-01-17,10,18,10782.0,0
P004,Mechanical Keyboard,2024-01-17,10,9,20241.9,10
P005,Webcam HD,2024-01-17,10,5,8095.5,10
P001,Wireless Earbuds,2024-01-17,11,7,9093.0,0
P002,Laptop Stand,2024-01-17,11,5,4495.0,0
P003,USB-C Hub,2024-01-17,11,18,9164.7,15
P004,Mechanical Keyboard,2024-01-17,11,5,12495.0,0
P005,Webcam HD,2024-01-17,11,7,11333.7,10
P001,Wireless Earbuds,2024-01-17,12,13,16042.65,5
P002,Laptop Stand,2024-01-17,12,5,3820.75,15
P003,USB-C Hub,2024-01-17,12,23,13777.0,0
P004,Mechanical Keyboard,2024-01-17,12,8,19992.0,0
P005,Webcam HD,2024-01-17,12,5,8095.5,10
P001,Wireless Earbuds,2024-01-17,13,11,14289.0,0
P002,Laptop Stand,2024-01-17,13,9,6472.8,20
P003,USB-C Hub,2024-01-17,13,10,5990.0,0
P004,Mechanical Keyboard,2024-01-17,13,4,9996.0,0
P005,Webcam HD,2024-01-17,13,2,3598.0,0
P001,Wireless Earbuds,2024-01-17,14,4,4156.8,20
P002,Laptop Stand,2024-01-17,14,11,8405.65,15
P003,USB-C Hub,2024-01-17,14,23,13777.0,0
P004,Mechanical Keyboard,2024-01-17,14,2,4998.0,0
P005,Webcam HD,2024-01-17,14,4,5756.8,20
P001,Wireless Earbuds,2024-01-17,15,13,16887.0,0
P002,Laptop Stand,2024-01-17,15,9,7686.45,5
P003,USB-C Hub,2024-01-17,15,9,4851.9,10
P004,Mechanical Keyboard,2024-01-17,15,1,2124.15,15
P005,Webcam HD,2024-01-17,15,9,16191.0,0
P001,Wireless Earbuds,2024-01-17,16,8,9872.4,5
P002,Laptop Stand,2024-01-17,16,2,1618.2,10
P003,USB-C Hub,2024-01-17,16,11,5930.1,10
P004,Mechanical Keyboard,2024-01-17,16,8,18992.4,5
P005,Webcam HD,2024-01-17,16,7,10704.05,15
P001,Wireless Earbuds,2024-01-17,17,7,9093.0,0
P002,Laptop Stand,2024-01-17,17,4,3596.0,0
P003,USB-C Hub,2024-01-17,17,12,6828.6,5
P004,Mechanical Keyboard,2024-01-17,17,10,22491.0,10
P005,Webcam HD,2024-01-17,17,2,3598.0,0
P001,Wireless Earbuds,2024-01-17,18,8,8833.2,15
P002,Laptop Stand,2024-01-17,18,12,10788.0,0
P003,USB-C Hub,2024-01-17,18,17,8655.55,15
P004,Mechanical Keyboard,2024-01-17,18,7,17493.0,0
P005,Webcam HD,2024-01-17,18,1,1799.0,0
P001,Wireless Earbuds,2024-01-17,19,4,4936.2,5
P002,Laptop Stand,2024-01-17,19,5,3820.75,15
P003,USB-C Hub,2024-01-17,19,23,13777.0,0
P004,Mechanical Keyboard,2024-01-17,19,6,12744.9,15
P005,Webcam HD,2024-01-17,19,7,10704.05,15
P001,Wireless Earbuds,2024-01-17,20,4,4676.4,10
P002,Laptop Stand,2024-01-17,20,12,10788.0,0
P003,USB-C Hub,2024-01-17,20,14,6708.8,20
P004,Mechanical Keyboard,2024-01-17,20,4,8496.6,15
P005,Webcam HD,2024-01-17,20,3,4317.6,20
P001,Wireless Earbuds,2024-01-17,21,10,11691.0,10
P002,Laptop Stand,2024-01-17,21,2,1798.0,0
P003,USB-C Hub,2024-01-17,21,17,8146.4,20
P004,Mechanical Keyboard,2024-01-17,21,2,4998.0,0
P005,Webcam HD,2024-01-17,21,9,16191.0,0
P001,Wireless Earbuds,2024-01-18,9,7,8183.7,10
P002,Laptop Stand,2024-01-18,9,13,11687.0,0
P003,USB-C Hub,2024-01-18,9,20,9584.0,20
P004,Mechanical Keyboard,2024-01-18,9,2,4498.2,10
P005,Webcam HD,2024-01-18,9,4,7196.0,0
P001,Wireless Earbuds,2024-01-18,10,7,8638.35,5
P002,Laptop Stand,2024-01-18,10,15,11462.25,15
P003,USB-C Hub,2024-01-18,10,24,12938.4,10
P004,Mechanical Keyboard,2024-01-18,10,7,13994.4,20
P005,Webcam HD,2024-01-18,10,7,10074.4,20
P001,Wireless Earbuds,2024-01-18,11,13,16887.0,0
P002,Laptop Stand,2024-01-18,11,9,8091.0,0
P003,USB-C Hub,2024-01-18,11,9,5121.45,5
P004,Mechanical Keyboard,2024-01-18,11,8,16993.2,15
P005,Webcam HD,2024-01-18,11,7,12593.0,0
P001,Wireless Earbuds,2024-01-18,12,13,14353.95,15
P002,Laptop Stand,2024-01-18,12,14,12586.0,0
P003,USB-C Hub,2024-01-18,12,12,6828.6,5
P004,Mechanical Keyboard,2024-01-18,12,1,1999.2,20
P005,Webcam HD,2024-01-18,12,4,6476.4,10
P001,Wireless Earbuds,2024-01-18,13,4,5196.0,0
P002,Laptop Stand,2024-01-18,13,6,5394.0,0
P003,USB-C Hub,2024-01-18,13,16,8146.4,15
P004,Mechanical Keyboard,2024-01-18,13,3,7497.0,0
P005,Webcam HD,2024-01-18,13,5,7196.0,20
P001,Wireless Earbuds,2024-01-18,14,5,6495.0,0
P002,Laptop Stand,2024-01-18,14,7,5349.05,15
P003,USB-C Hub,2024-01-18,14,27,16173.0,0
P004,Mechanical Keyboard,2024-01-18,14,3,6372.45,15
P005,Webcam HD,2024-01-18,14,4,6476.4,10
P001,Wireless Earbuds,2024-01-18,15,13,16887.0,0
P002,Laptop Stand,2024-01-18,15,13,9933.95,15
P003,USB-C Hub,2024-01-18,15,11,5930.1,10
P004,Mechanical Keyboard,2024-01-18,15,3,7497.0,0
P005,Webcam HD,2024-01-18,15,7,10074.4,20
P001,Wireless Earbuds,2024-01-18,16,12,15588.0,0
P002,Laptop Stand,2024-01-18,16,6,5394.0,0
P003,USB-C Hub,2024-01-18,16,8,4073.2,15
P004,Mechanical Keyboard,2024-01-18,16,5,10620.75,15
P005,Webcam HD,2024-01-18,16,3,4317.6,20
P001,Wireless Earbuds,2024-01-18,17,13,16042.65,5
P002,Laptop Stand,2024-01-18,17,11,8405.65,15
P003,USB-C Hub,2024-01-18,17,5,2845.25,5
P004,Mechanical Keyboard,2024-01-18,17,7,14869.05,15
P005,Webcam HD,2024-01-18,17,3,5127.15,5
P001,Wireless Earbuds,2024-01-18,18,5,5196.0,20
P002,Laptop Stand,2024-01-18,18,10,8540.5,5
P003,USB-C Hub,2024-01-18,18,16,9104.8,5
P004,Mechanical Keyboard,2024-01-18,18,1,2124.15,15
P005,Webcam HD,2024-01-18,18,3,5397.0,0
P001,Wireless Earbuds,2024-01-18,19,12,14808.6,5
P002,Laptop Stand,2024-01-18,19,9,7686.45,5
P003,USB-C Hub,2024-01-18,19,17,10183.0,0
P004,Mechanical Keyboard,2024-01-18,19,4,9996.0,0
P005,Webcam HD,2024-01-18,19,5,7645.75,15
P001,Wireless Earbuds,2024-01-18,20,5,6170.25,5
P002,Laptop Stand,2024-01-18,20,9,6472.8,20
P003,USB-C Hub,2024-01-18,20,16,8625.6,10
P004,Mechanical Keyboard,2024-01-18,20,1,2499.0,0
P005,Webcam HD,2024-01-18,20,5,8545.25,5
P001,Wireless Earbuds,2024-01-18,21,8,10392.0,0
P002,Laptop Stand,2024-01-18,21,13,11687.0,0
P003,USB-C Hub,2024-01-18,21,12,7188.0,0
P004,Mechanical Keyboard,2024-01-18,21,1,2499.0,0
P005,Webcam HD,2024-01-18,21,8,11513.6,20
P001,Wireless Earbuds,2024-01-19,9,14,17276.7,5
P002,Laptop Stand,2024-01-19,9,7,5034.4,20
P003,USB-C Hub,2024-01-19,9,13,6229.6,20
P004,Mechanical Keyboard,2024-01-19,9,5,11245.5,10
P005,Webcam HD,2024-01-19,9,4,7196.0,0
P001,Wireless Earbuds,2024-01-19,10,5,6170.25,5
P002,Laptop Stand,2024-01-19,10,9,7686.45,5
P003,USB-C Hub,2024-01-19,10,22,13178.0,0
P004,Mechanical Keyboard,2024-01-19,10,6,14994.0,0
P005,Webcam HD,2024-01-19,10,1,1709.05,5
P001,Wireless Earbuds,2024-01-19,11,12,14808.6,5
P002,Laptop Stand,2024-01-19,11,9,8091.0,0
P003,USB-C Hub,2024-01-19,11,20,11980.0,0
P004,Mechanical Keyboard,2024-01-19,11,1,2499.0,0
P005,Webcam HD,2024-01-19,11,6,9714.6,10
P001,Wireless Earbuds,2024-01-19,12,15,16562.25,15
P002,Laptop Stand,2024-01-19,12,9,8091.0,0
P003,USB-C Hub,2024-01-19,12,24,14376.0,0
P004,Mechanical Keyboard,2024-01-19,12,2,4748.1,5
P005,Webcam HD,2024-01-19,12,1,1799.0,0
P001,Wireless Earbuds,2024-01-19,13,15,19485.0,0
P002,Laptop Stand,2024-01-19,13,7,6293.0,0
P003,USB-C Hub,2024-01-19,13,8,4552.4,5
P004,Mechanical Keyboard,2024-01-19,13,1,2249.1,10
P005,Webcam HD,2024-01-19,13,1,1799.0,0
P001,Wireless Earbuds,2024-01-19,14,12,15588.0,0
P002,Laptop Stand,2024-01-19,14,4,3416.2,5
P003,USB-C Hub,2024-01-19,14,24,13657.2,5
P004,Mechanical Keyboard,2024-01-19,14,5,9996.0,20
P005,Webcam HD,2024-01-19,14,4,7196.0,0
P001,Wireless Earbuds,2024-01-19,15,5,6170.25,5
P002,Laptop Stand,2024-01-19,15,8,5753.6,20
P003,USB-C Hub,2024-01-19,15,18,9703.8,10
P004,Mechanical Keyboard,2024-01-19,15,6,11995.2,20
P005,Webcam HD,2024-01-19,15,3,5397.0,0
P001,Wireless Earbuds,2024-01-19,16,13,15198.3,10
P002,Laptop Stand,2024-01-19,16,8,6472.8,10
P003,USB-C Hub,2024-01-19,16,8,4792.0,0
P004,Mechanical Keyboard,2024-01-19,16,1,2499.0,0
P005,Webcam HD,2024-01-19,16,8,11513.6,20
P001,Wireless Earbuds,2024-01-19,17,9,10521.9,10
P002,Laptop Stand,2024-01-19,17,9,8091.0,0
P003,USB-C Hub,2024-01-19,17,22,13178.0,0
P004,Mechanical Keyboard,2024-01-19,17,7,15743.7,10
P005,Webcam HD,2024-01-19,17,5,8995.0,0
P001,Wireless Earbuds,2024-01-19,18,11,12860.1,10
P002,Laptop Stand,2024-01-19,18,13,9349.6,20
P003,USB-C Hub,2024-01-19,18,17,9164.7,10
P004,Mechanical Keyboard,2024-01-19,18,4,8996.4,10
P005,Webcam HD,2024-01-19,18,11,16820.65,15
P001,Wireless Earbuds,2024-01-19,19,11,14289.0,0
P002,Laptop Stand,2024-01-19,19,11,7911.2,20
P003,USB-C Hub,2024-01-19,19,8,4792.0,0
P004,Mechanical Keyboard,2024-01-19,19,6,12744.9,15
P005,Webcam HD,2024-01-19,19,1,1709.05,5
P001,Wireless Earbuds,2024-01-19,20,12,15588.0,0
P002,Laptop Stand,2024-01-19,20,15,10788.0,20
P003,USB-C Hub,2024-01-19,20,7,3773.7,10
P004,Mechanical Keyboard,2024-01-19,20,9,22491.0,0
P005,Webcam HD,2024-01-19,20,7,10704.05,15
P001,Wireless Earbuds,2024-01-19,21,3,3507.3,10
P002,Laptop Stand,2024-01-19,21,8,7192.0,0
P003,USB-C Hub,2024-01-19,21,23,11710.45,15
P004,Mechanical Keyboard,2024-01-19,21,10,24990.0,0
P005,Webcam HD,2024-01-19,21,2,3598.0,0
P001,Wireless Earbuds,2024-01-20,9,15,16562.25,15
P002,Laptop Stand,2024-01-20,9,7,6293.0,0
P003,USB-C Hub,2024-01-20,9,7,3983.35,5
P004,Mechanical Keyboard,2024-01-20,9,6,14244.3,5
P005,Webcam HD,2024-01-20,9,5,8545.25,5
P001,Wireless Earbuds,2024-01-20,10,14,18186.0,0
P002,Laptop Stand,2024-01-20,10,9,7281.9,10
P003,USB-C Hub,2024-01-20,10,22,10542.4,20
P004,Mechanical Keyboard,2024-01-20,10,1,2124.15,15
P005,Webcam HD,2024-01-20,10,2,3238.2,10
P001,Wireless Earbuds,2024-01-20,11,5,5845.5,10
P002,Laptop Stand,2024-01-20,11,9,6877.35,15
P003,USB-C Hub,2024-01-20,11,21,11321.1,10
P004,Mechanical Keyboard,2024-01-20,11,7,17493.0,0
P005,Webcam HD,2024-01-20,11,1,1709.05,5
P001,Wireless Earbuds,2024-01-20,12,12,15588.0,0
P002,Laptop Stand,2024-01-20,12,13,11687.0,0
P003,USB-C Hub,2024-01-20,12,13,7008.3,10
P004,Mechanical Keyboard,2024-01-20,12,8,19992.0,0
P005,Webcam HD,2024-01-20,12,5,8995.0,0
P001,Wireless Earbuds,2024-01-20,13,10,12990.0,0
P002,Laptop Stand,2024-01-20,13,9,8091.0,0
P003,USB-C Hub,2024-01-20,13,17,8655.55,15
P004,Mechanical Keyboard,2024-01-20,13,2,4248.3,15
P005,Webcam HD,2024-01-20,13,7,12593.0,0
P001,Wireless Earbuds,2024-01-20,14,11,14289.0,0
P002,Laptop Stand,2024-01-20,14,12,8630.4,20
P003,USB-C Hub,2024-01-20,14,16,9584.0,0
P004,Mechanical Keyboard,2024-01-20,14,1,2249.1,10
P005,Webcam HD,2024-01-20,14,7,11963.35,5
P001,Wireless Earbuds,2024-01-20,15,6,6235.2,20
P002,Laptop Stand,2024-01-20,15,5,4495.0,0
P003,USB-C Hub,2024-01-20,15,7,4193.0,0
P004,Mechanical Keyboard,2024-01-20,15,1,2499.0,0
P005,Webcam HD,2024-01-20,15,9,13762.35,15
P001,Wireless Earbuds,2024-01-20,16,9,9937.35,15
P002,Laptop Stand,2024-01-20,16,11,9889.0,0
P003,USB-C Hub,2024-01-20,16,12,5750.4,20
P004,Mechanical Keyboard,2024-01-20,16,4,8996.4,10
P005,Webcam HD,2024-01-20,16,6,10794.0,0
P001,Wireless Earbuds,2024-01-20,17,5,5845.5,10
P002,Laptop Stand,2024-01-20,17,18,14563.8,10
P003,USB-C Hub,2024-01-20,17,15,8985.0,0
P004,Mechanical Keyboard,2024-01-20,17,1,2124.15,15
P005,Webcam HD,2024-01-20,17,3,4587.45,15
P001,Wireless Earbuds,2024-01-20,18,7,9093.0,0
P002,Laptop Stand,2024-01-20,18,4,3416.2,5
P003,USB-C Hub,2024-01-20,18,19,9673.85,15
P004,Mechanical Keyboard,2024-01-20,18,9,22491.0,0
P005,Webcam HD,2024-01-20,18,1,1799.0,0
P001,Wireless Earbuds,2024-01-20,19,10,12990.0,0
P002,Laptop Stand,2024-01-20,19,7,5349.05,15
P003,USB-C Hub,2024-01-20,19,23,13088.15,5
P004,Mechanical Keyboard,2024-01-20,19,2,3998.4,20
P005,Webcam HD,2024-01-20,19,1,1799.0,0
P001,Wireless Earbuds,2024-01-20,20,8,8833.2,15
P002,Laptop Stand,2024-01-20,20,7,5034.4,20
P003,USB-C Hub,2024-01-20,20,9,4582.35,15
P004,Mechanical Keyboard,2024-01-20,20,5,11245.5,10
P005,Webcam HD,2024-01-20,20,1,1799.0,0
P001,Wireless Earbuds,2024-01-20,21,9,9352.8,20
P002,Laptop Stand,2024-01-20,21,7,6293.0,0
P003,USB-C Hub,2024-01-20,21,19,9104.8,20
P004,Mechanical Keyboard,2024-01-20,21,8,19992.0,0
P005,Webcam HD,2024-01-20,21,5,8995.0,0
P001,Wireless Earbuds,2024-01-21,9,2,2598.0,0
P002,Laptop Stand,2024-01-21,9,14,11327.4,10
P003,USB-C Hub,2024-01-21,9,10,5990.0,0
P004,Mechanical Keyboard,2024-01-21,9,3,7122.15,5
P005,Webcam HD,2024-01-21,9,8,14392.0,0
P001,Wireless Earbuds,2024-01-21,10,10,12340.5,5
P002,Laptop Stand,2024-01-21,10,8,7192.0,0
P003,USB-C Hub,2024-01-21,10,10,5990.0,0
P004,Mechanical Keyboard,2024-01-21,10,4,8496.6,15
P005,Webcam HD,2024-01-21,10,8,12233.2,15
P001,Wireless Earbuds,2024-01-21,11,7,7729.05,15
P002,Laptop Stand,2024-01-21,11,7,6293.0,0
P003,USB-C Hub,2024-01-21,11,20,9584.0,20
P004,Mechanical Keyboard,2024-01-21,11,5,11245.5,10
P005,Webcam HD,2024-01-21,11,4,7196.0,0
P001,Wireless Earbuds,2024-01-21,12,11,11431.2,20
P002,Laptop Stand,2024-01-21,12,12,10248.6,5
P003,USB-C Hub,2024-01-21,12,20,10782.0,10
P004,Mechanical Keyboard,2024-01-21,12,5,12495.0,0
P005,Webcam HD,2024-01-21,12,6,9174.9,15
P001,Wireless Earbuds,2024-01-21,13,5,6495.0,0
P002,Laptop Stand,2024-01-21,13,6,5124.3,5
P003,USB-C Hub,2024-01-21,13,17,10183.0,0
P004,Mechanical Keyboard,2024-01-21,13,1,2499.0,0
P005,Webcam HD,2024-01-21,13,7,12593.0,0
P001,Wireless Earbuds,2024-01-21,14,8,8313.6,20
P002,Laptop Stand,2024-01-21,14,6,5394.0,0
P003,USB-C Hub,2024-01-21,14,16,8625.6,10
P004,Mechanical Keyboard,2024-01-21,14,1,2499.0,0
P005,Webcam HD,2024-01-21,14,6,9174.9,15
P001,Wireless Earbuds,2024-01-21,15,9,11691.0,0
P002,Laptop Stand,2024-01-21,15,15,13485.0,0
P003,USB-C Hub,2024-01-21,15,21,12579.0,0
P004,Mechanical Keyboard,2024-01-21,15,5,11870.25,5
P005,Webcam HD,2024-01-21,15,5,7645.75,15
P001,Wireless Earbuds,2024-01-21,16,4,4416.6,15
P002,Laptop Stand,2024-01-21,16,7,6293.0,0
P003,USB-C Hub,2024-01-21,16,14,8386.0,0
P004,Mechanical Keyboard,2024-01-21,16,2,4748.1,5
P005,Webcam HD,2024-01-21,16,3,5127.15,5
P001,Wireless Earbuds,2024-01-21,17,15,17536.5,10
P002,Laptop Stand,2024-01-21,17,9,7686.45,5
P003,USB-C Hub,2024-01-21,17,25,14226.25,5
P004,Mechanical Keyboard,2024-01-21,17,5,9996.0,20
P005,Webcam HD,2024-01-21,17,5,7645.75,15
P001,Wireless Earbuds,2024-01-21,18,10,10392.0,20
P002,Laptop Stand,2024-01-21,18,1,809.1,10
P003,USB-C Hub,2024-01-21,18,23,12399.3,10
P004,Mechanical Keyboard,2024-01-21,18,3,7497.0,0
P005,Webcam HD,2024-01-21,18,1,1799.0,0
P001,Wireless Earbuds,2024-01-21,19,10,11691.0,10
P002,Laptop Stand,2024-01-21,19,4,3236.4,10
P003,USB-C Hub,2024-01-21,19,25,14975.0,0
P004,Mechanical Keyboard,2024-01-21,19,4,9996.0,0
P005,Webcam HD,2024-01-21,19,7,12593.0,0
P001,Wireless Earbuds,2024-01-21,20,10,12990.0,0
P002,Laptop Stand,2024-01-21,20,14,11327.4,10
P003,USB-C Hub,2024-01-21,20,23,13777.0,0
P004,Mechanical Keyboard,2024-01-21,20,5,9996.0,20
P005,Webcam HD,2024-01-21,20,1,1709.05,5
P001,Wireless Earbuds,2024-01-21,21,5,5845.5,10
P002,Laptop Stand,2024-01-21,21,10,8540.5,5
P003,USB-C Hub,2024-01-21,21,9,4851.9,10
P004,Mechanical Keyboard,2024-01-21,21,6,12744.9,15
P005,Webcam HD,2024-01-21,21,6,9174.9,15
P001,Wireless Earbuds,2024-01-22,9,3,3702.15,5
P002,Laptop Stand,2024-01-22,9,7,5034.4,20
P003,USB-C Hub,2024-01-22,9,6,3054.9,15
P004,Mechanical Keyboard,2024-01-22,9,3,6747.3,10
P005,Webcam HD,2024-01-22,9,1,1799.0,0
P001,Wireless Earbuds,2024-01-22,10,9,11691.0,0
P002,Laptop Stand,2024-01-22,10,17,15283.0,0
P003,USB-C Hub,2024-01-22,10,22,13178.0,0
P004,Mechanical Keyboard,2024-01-22,10,1,2374.05,5
P005,Webcam HD,2024-01-22,10,3,5397.0,0
P001,Wireless Earbuds,2024-01-22,11,9,11691.0,0
P002,Laptop Stand,2024-01-22,11,4,2876.8,20
P003,USB-C Hub,2024-01-22,11,22,13178.0,0
P004,Mechanical Keyboard,2024-01-22,11,6,14244.3,5
P005,Webcam HD,2024-01-22,11,9,15381.45,5
P001,Wireless Earbuds,2024-01-22,12,6,6624.9,15
P002,Laptop Stand,2024-01-22,12,13,9349.6,20
P003,USB-C Hub,2024-01-22,12,28,16772.0,0
P004,Mechanical Keyboard,2024-01-22,12,5,12495.0,0
P005,Webcam HD,2024-01-22,12,4,6476.4,10
P001,Wireless Earbuds,2024-01-22,13,10,11691.0,10
P002,Laptop Stand,2024-01-22,13,7,5349.05,15
P003,USB-C Hub,2024-01-22,13,17,8146.4,20
P004,Mechanical Keyboard,2024-01-22,13,1,1999.2,20
P005,Webcam HD,2024-01-22,13,1,1799.0,0
P001,Wireless Earbuds,2024-01-22,14,11,12145.65,15
P002,Laptop Stand,2024-01-22,14,13,10518.3,10
P003,USB-C Hub,2024-01-22,14,24,12938.4,10
P004,Mechanical Keyboard,2024-01-22,14,7,13994.4,20
P005,Webcam HD,2024-01-22,14,3,5397.0,0
P001,Wireless Earbuds,2024-01-22,15,11,14289.0,0
P002,Laptop Stand,2024-01-22,15,3,2697.0,0
P003,USB-C Hub,2024-01-22,15,12,6109.8,15
P004,Mechanical Keyboard,2024-01-22,15,3,7497.0,0
P005,Webcam HD,2024-01-22,15,6,9714.6,10
P001,Wireless Earbuds,2024-01-22,16,2,2598.0,0
P002,Laptop Stand,2024-01-22,16,7,6293.0,0
P003,USB-C Hub,2024-01-22,16,12,6469.2,10
P004,Mechanical Keyboard,2024-01-22,16,2,4748.1,5
P005,Webcam HD,2024-01-22,16,2,3598.0,0
P001,Wireless Earbuds,2024-01-22,17,13,16887.0,0
P002,Laptop Stand,2024-01-22,17,7,5978.35,5
P003,USB-C Hub,2024-01-22,17,17,9164.7,10
P004,Mechanical Keyboard,2024-01-22,17,3,5997.6,20
P005,Webcam HD,2024-01-22,17,1,1799.0,0
P001,Wireless Earbuds,2024-01-22,18,13,16887.0,0
P002,Laptop Stand,2024-01-22,18,7,5034.4,20
P003,USB-C Hub,2024-01-22,18,18,9703.8,10
P004,Mechanical Keyboard,2024-01-22,18,9,22491.0,0
P005,Webcam HD,2024-01-22,18,4,7196.0,0
P001,Wireless Earbuds,2024-01-22,19,15,17536.5,10
P002,Laptop Stand,2024-01-22,19,7,5978.35,5
P003,USB-C Hub,2024-01-22,19,17,10183.0,0
P004,Mechanical Keyboard,2024-01-22,19,3,6747.3,10
P005,Webcam HD,2024-01-22,19,3,4587.45,15
P001,Wireless Earbuds,2024-01-22,20,14,17276.7,5
P002,Laptop Stand,2024-01-22,20,13,11102.65,5
P003,USB-C Hub,2024-01-22,20,8,4792.0,0
P004,Mechanical Keyboard,2024-01-22,20,5,9996.0,20
P005,Webcam HD,2024-01-22,20,4,6116.6,15
P001,Wireless Earbuds,2024-01-22,21,7,8638.35,5
P002,Laptop Stand,2024-01-22,21,9,8091.0,0
P003,USB-C Hub,2024-01-22,21,18,10782.0,0
P004,Mechanical Keyboard,2024-01-22,21,7,17493.0,0
P005,Webcam HD,2024-01-22,21,3,5397.0,0
P001,Wireless Earbuds,2024-01-23,9,4,5196.0,0
P002,Laptop Stand,2024-01-23,9,3,2697.0,0
P003,USB-C Hub,2024-01-23,9,7,3983.35,5
P004,Mechanical Keyboard,2024-01-23,9,1,2249.1,10
P005,Webcam HD,2024-01-23,9,0,0.0,5
P001,Wireless Earbuds,2024-01-23,10,2,2598.0,0
P002,Laptop Stand,2024-01-23,10,1,899.0,0
P003,USB-C Hub,2024-01-23,10,3,1707.15,5
P004,Mechanical Keyboard,2024-01-23,10,1,2499.0,0
P005,Webcam HD,2024-01-23,10,1,1799.0,0
P001,Wireless Earbuds,2024-01-23,11,2,2468.1,5
P002,Laptop Stand,2024-01-23,11,4,3236.4,10
P003,USB-C Hub,2024-01-23,11,2,958.4,20
P004,Mechanical Keyboard,2024-01-23,11,0,0.0,0
P005,Webcam HD,2024-01-23,11,1,1709.05,5
P001,Wireless Earbuds,2024-01-23,12,1,1039.2,20
P002,Laptop Stand,2024-01-23,12,2,1798.0,0
P003,USB-C Hub,2024-01-23,12,2,1198.0,0
P004,Mechanical Keyboard,2024-01-23,12,1,2124.15,15
P005,Webcam HD,2024-01-23,12,0,0.0,15
P001,Wireless Earbuds,2024-01-23,13,3,3897.0,0
P002,Laptop Stand,2024-01-23,13,5,4045.5,10
P003,USB-C Hub,2024-01-23,13,4,2276.2,5
P004,Mechanical Keyboard,2024-01-23,13,2,4498.2,10
P005,Webcam HD,2024-01-23,13,1,1439.2,20
P001,Wireless Earbuds,2024-01-23,14,1,1234.05,5
P002,Laptop Stand,2024-01-23,14,3,2427.3,10
P003,USB-C Hub,2024-01-23,14,5,2995.0,0
P004,Mechanical Keyboard,2024-01-23,14,1,2499.0,0
P005,Webcam HD,2024-01-23,14,2,3418.1,5
P001,Wireless Earbuds,2024-01-23,15,1,1039.2,20
P002,Laptop Stand,2024-01-23,15,3,2562.15,5
P003,USB-C Hub,2024-01-23,15,5,2995.0,0
P004,Mechanical Keyboard,2024-01-23,15,1,2499.0,0
P005,Webcam HD,2024-01-23,15,1,1799.0,0
P001,Wireless Earbuds,2024-01-23,16,3,3117.6,20
P002,Laptop Stand,2024-01-23,16,2,1528.3,15
P003,USB-C Hub,2024-01-23,16,3,1797.0,0
P004,Mechanical Keyboard,2024-01-23,16,0,0.0,10
P005,Webcam HD,2024-01-23,16,2,3598.0,0
P001,Wireless Earbuds,2024-01-23,17,2,2598.0,0
P002,Laptop Stand,2024-01-23,17,2,1798.0,0
P003,USB-C Hub,2024-01-23,17,5,2695.5,10
P004,Mechanical Keyboard,2024-01-23,17,1,2374.05,5
P005,Webcam HD,2024-01-23,17,1,1799.0,0
P001,Wireless Earbuds,2024-01-23,18,3,3312.45,15
P002,Laptop Stand,2024-01-23,18,3,2292.45,15
P003,USB-C Hub,2024-01-23,18,6,3414.3,5
P004,Mechanical Keyboard,2024-01-23,18,0,0.0,15
P005,Webcam HD,2024-01-23,18,1,1799.0,0
P001,Wireless Earbuds,2024-01-23,19,2,2208.3,15
P002,Laptop Stand,2024-01-23,19,3,2562.15,5
P003,USB-C Hub,2024-01-23,19,4,2156.4,10
P004,Mechanical Keyboard,2024-01-23,19,0,0.0,10
P005,Webcam HD,2024-01-23,19,0,0.0,20
P001,Wireless Earbuds,2024-01-23,20,1,1039.2,20
P002,Laptop Stand,2024-01-23,20,3,2697.0,0
P003,USB-C Hub,2024-01-23,20,1,569.05,5
P004,Mechanical Keyboard,2024-01-23,20,0,0.0,20
P005,Webcam HD,2024-01-23,20,1,1799.0,0
P001,Wireless Earbuds,2024-01-23,21,4,5196.0,0
P002,Laptop Stand,2024-01-23,21,2,1798.0,0
P003,USB-C Hub,2024-01-23,21,6,3414.3,5
P004,Mechanical Keyboard,2024-01-23,21,1,2499.0,0
P005,Webcam HD,2024-01-23,21,3,4587.45,15
P001,Wireless Earbuds,2024-01-24,9,14,18186.0,0
P002,Laptop Stand,2024-01-24,9,7,5663.7,10
P003,USB-C Hub,2024-01-24,9,26,14795.3,5
P004,Mechanical Keyboard,2024-01-24,9,2,4998.0,0
P005,Webcam HD,2024-01-24,9,5,8095.5,10
P001,Wireless Earbuds,2024-01-24,10,9,11691.0,0
P002,Laptop Stand,2024-01-24,10,11,7911.2,20
P003,USB-C Hub,2024-01-24,10,19,9104.8,20
P004,Mechanical Keyboard,2024-01-24,10,2,4998.0,0
P005,Webcam HD,2024-01-24,10,1,1619.1,10
P001,Wireless Earbuds,2024-01-24,11,5,6495.0,0
P002,Laptop Stand,2024-01-24,11,8,6472.8,10
P003,USB-C Hub,2024-01-24,11,25,14975.0,0
P004,Mechanical Keyboard,2024-01-24,11,6,14994.0,0
P005,Webcam HD,2024-01-24,11,9,16191.0,0
P001,Wireless Earbuds,2024-01-24,12,7,8638.35,5
P002,Laptop Stand,2024-01-24,12,10,8091.0,10
P003,USB-C Hub,2024-01-24,12,13,6618.95,15
P004,Mechanical Keyboard,2024-01-24,12,1,2499.0,0
P005,Webcam HD,2024-01-24,12,1,1529.15,15
P001,Wireless Earbuds,2024-01-24,13,13,13509.6,20
P002,Laptop Stand,2024-01-24,13,6,5394.0,0
P003,USB-C Hub,2024-01-24,13,20,11381.0,5
P004,Mechanical Keyboard,2024-01-24,13,5,11245.5,10
P005,Webcam HD,2024-01-24,13,10,17990.0,0
P001,Wireless Earbuds,2024-01-24,14,15,19485.0,0
P002,Laptop Stand,2024-01-24,14,15,13485.0,0
P003,USB-C Hub,2024-01-24,14,9,5121.45,5
P004,Mechanical Keyboard,2024-01-24,14,5,10620.75,15
P005,Webcam HD,2024-01-24,14,5,8095.5,10
P001,Wireless Earbuds,2024-01-24,15,6,7014.6,10
P002,Laptop Stand,2024-01-24,15,6,5394.0,0
P003,USB-C Hub,2024-01-24,15,16,7667.2,20
P004,Mechanical Keyboard,2024-01-24,15,7,17493.0,0
P005,Webcam HD,2024-01-24,15,1,1799.0,0
P001,Wireless Earbuds,2024-01-24,16,14,18186.0,0
P002,Laptop Stand,2024-01-24,16,9,7281.9,10
P003,USB-C Hub,2024-01-24,16,9,5391.0,0
P004,Mechanical Keyboard,2024-01-24,16,5,12495.0,0
P005,Webcam HD,2024-01-24,16,3,4857.3,10
P001,Wireless Earbuds,2024-01-24,17,3,3117.6,20
P002,Laptop Stand,2024-01-24,17,15,10788.0,20
P003,USB-C Hub,2024-01-24,17,19,11381.0,0
P004,Mechanical Keyboard,2024-01-24,17,3,7497.0,0
P005,Webcam HD,2024-01-24,17,1,1619.1,10
P001,Wireless Earbuds,2024-01-24,18,9,9937.35,15
P002,Laptop Stand,2024-01-24,18,14,12586.0,0
P003,USB-C Hub,2024-01-24,18,22,10542.4,20
P004,Mechanical Keyboard,2024-01-24,18,2,3998.4,20
P005,Webcam HD,2024-01-24,18,1,1619.1,10
P001,Wireless Earbuds,2024-01-24,19,15,19485.0,0
P002,Laptop Stand,2024-01-24,19,2,1798.0,0
P003,USB-C Hub,2024-01-24,19,21,12579.0,0
P004,Mechanical Keyboard,2024-01-24,19,3,7497.0,0
P005,Webcam HD,2024-01-24,19,8,11513.6,20
P001,Wireless Earbuds,2024-01-24,20,8,10392.0,0
P002,Laptop Stand,2024-01-24,20,13,11687.0,0
P003,USB-C Hub,2024-01-24,20,20,11381.0,5
P004,Mechanical Keyboard,2024-01-24,20,2,4998.0,0
P005,Webcam HD,2024-01-24,20,6,10254.3,5
P001,Wireless Earbuds,2024-01-24,21,6,6624.9,15
P002,Laptop Stand,2024-01-24,21,14,10698.1,15
P003,USB-C Hub,2024-01-24,21,18,10782.0,0
P004,Mechanical Keyboard,2024-01-24,21,7,13994.4,20
P005,Webcam HD,2024-01-24,21,3,4587.45,15
P001,Wireless Earbuds,2024-01-25,9,4,5196.0,0
P002,Laptop Stand,2024-01-25,9,6,5394.0,0
P003,USB-C Hub,2024-01-25,9,16,8146.4,15
P004,Mechanical Keyboard,2024-01-25,9,4,8496.6,15
P005,Webcam HD,2024-01-25,9,8,14392.0,0
P001,Wireless Earbuds,2024-01-25,10,8,10392.0,0
P002,Laptop Stand,2024-01-25,10,5,4495.0,0
P003,USB-C Hub,2024-01-25,10,17,9673.85,5
P004,Mechanical Keyboard,2024-01-25,10,3,5997.6,20
P005,Webcam HD,2024-01-25,10,4,7196.0,0
P001,Wireless Earbuds,2024-01-25,11,7,9093.0,0
P002,Laptop Stand,2024-01-25,11,4,3416.2,5
P003,USB-C Hub,2024-01-25,11,22,11860.2,10
P004,Mechanical Keyboard,2024-01-25,11,4,9996.0,0
P005,Webcam HD,2024-01-25,11,1,1799.0,0
P001,Wireless Earbuds,2024-01-25,12,8,9352.8,10
P002,Laptop Stand,2024-01-25,12,2,1618.2,10
P003,USB-C Hub,2024-01-25,12,19,9104.8,20
P004,Mechanical Keyboard,2024-01-25,12,5,12495.0,0
P005,Webcam HD,2024-01-25,12,3,5127.15,5
P001,Wireless Earbuds,2024-01-25,13,10,10392.0,20
P002,Laptop Stand,2024-01-25,13,6,4584.9,15
P003,USB-C Hub,2024-01-25,13,23,13777.0,0
P004,Mechanical Keyboard,2024-01-25,13,3,6372.45,15
P005,Webcam HD,2024-01-25,13,7,12593.0,0
P001,Wireless Earbuds,2024-01-25,14,7,9093.0,0
P002,Laptop Stand,2024-01-25,14,8,7192.0,0
P003,USB-C Hub,2024-01-25,14,22,13178.0,0
P004,Mechanical Keyboard,2024-01-25,14,1,2499.0,0
P005,Webcam HD,2024-01-25,14,7,12593.0,0
P001,Wireless Earbuds,2024-01-25,15,8,10392.0,0
P002,Laptop Stand,2024-01-25,15,6,4315.2,20
P003,USB-C Hub,2024-01-25,15,10,5990.0,0
P004,Mechanical Keyboard,2024-01-25,15,6,14994.0,0
P005,Webcam HD,2024-01-25,15,4,6476.4,10
P001,Wireless Earbuds,2024-01-25,16,11,14289.0,0
P002,Laptop Stand,2024-01-25,16,11,9889.0,0
P003,USB-C Hub,2024-01-25,16,15,8985.0,0
P004,Mechanical Keyboard,2024-01-25,16,1,2374.05,5
P005,Webcam HD,2024-01-25,16,4,5756.8,20
P001,Wireless Earbuds,2024-01-25,17,12,14808.6,5
P002,Laptop Stand,2024-01-25,17,11,9394.55,5
P003,USB-C Hub,2024-01-25,17,17,9673.85,5
P004,Mechanical Keyboard,2024-01-25,17,1,2499.0,0
P005,Webcam HD,2024-01-25,17,5,8095.5,10
P001,Wireless Earbuds,2024-01-25,18,13,16887.0,0
P002,Laptop Stand,2024-01-25,18,11,9889.0,0
P003,USB-C Hub,2024-01-25,18,15,8535.75,5
P004,Mechanical Keyboard,2024-01-25,18,6,14994.0,0
P005,Webcam HD,2024-01-25,18,7,11333.7,10
P001,Wireless Earbuds,2024-01-25,19,6,7794.0,0
P002,Laptop Stand,2024-01-25,19,7,6293.0,0
P003,USB-C Hub,2024-01-25,19,21,12579.0,0
P004,Mechanical Keyboard,2024-01-25,19,1,2249.1,10
P005,Webcam HD,2024-01-25,19,3,4857.3,10
P001,Wireless Earbuds,2024-01-25,20,16,20784.0,0
P002,Laptop Stand,2024-01-25,20,14,10068.8,20
P003,USB-C Hub,2024-01-25,20,23,13777.0,0
P004,Mechanical Keyboard,2024-01-25,20,7,14869.05,15
P005,Webcam HD,2024-01-25,20,5,8545.25,5
P001,Wireless Earbuds,2024-01-25,21,8,8313.6,20
P002,Laptop Stand,2024-01-25,21,12,10788.0,0
P003,USB-C Hub,2024-01-25,21,22,11201.3,15
P004,Mechanical Keyboard,2024-01-25,21,6,14994.0,0
P005,Webcam HD,2024-01-25,21,7,12593.0,0
P001,Wireless Earbuds,2024-01-26,9,9,9937.35,15
P002,Laptop Stand,2024-01-26,9,5,3820.75,15
P003,USB-C Hub,2024-01-26,9,22,10542.4,20
P004,Mechanical Keyboard,2024-01-26,9,7,17493.0,0
P005,Webcam HD,2024-01-26,9,9,14571.9,10
P001,Wireless Earbuds,2024-01-26,10,11,12860.1,10
P002,Laptop Stand,2024-01-26,10,8,6472.8,10
P003,USB-C Hub,2024-01-26,10,23,11021.6,20
P004,Mechanical Keyboard,2024-01-26,10,8,17992.8,10
P005,Webcam HD,2024-01-26,10,1,1439.2,20
P001,Wireless Earbuds,2024-01-26,11,8,8833.2,15
P002,Laptop Stand,2024-01-26,11,10,8091.0,10
P003,USB-C Hub,2024-01-26,11,10,5990.0,0
P004,Mechanical Keyboard,2024-01-26,11,7,14869.05,15
P005,Webcam HD,2024-01-26,11,4,7196.0,0
P001,Wireless Earbuds,2024-01-26,12,14,16367.4,10
P002,Laptop Stand,2024-01-26,12,6,4854.6,10
P003,USB-C Hub,2024-01-26,12,19,9104.8,20
P004,Mechanical Keyboard,2024-01-26,12,6,11995.2,20
P005,Webcam HD,2024-01-26,12,5,8995.0,0
P001,Wireless Earbuds,2024-01-26,13,4,5196.0,0
P002,Laptop Stand,2024-01-26,13,7,6293.0,0
P003,USB-C Hub,2024-01-26,13,25,12728.75,15
P004,Mechanical Keyboard,2024-01-26,13,5,11870.25,5
P005,Webcam HD,2024-01-26,13,9,15381.45,5
P001,Wireless Earbuds,2024-01-26,14,11,11431.2,20
P002,Laptop Stand,2024-01-26,14,14,11327.4,10
P003,USB-C Hub,2024-01-26,14,24,14376.0,0
P004,Mechanical Keyboard,2024-01-26,14,5,12495.0,0
P005,Webcam HD,2024-01-26,14,8,14392.0,0
P001,Wireless Earbuds,2024-01-26,15,7,8638.35,5
P002,Laptop Stand,2024-01-26,15,5,4495.0,0
P003,USB-C Hub,2024-01-26,15,13,7787.0,0
P004,Mechanical Keyboard,2024-01-26,15,3,7497.0,0
P005,Webcam HD,2024-01-26,15,9,12952.8,20
P001,Wireless Earbuds,2024-01-26,16,8,9352.8,10
P002,Laptop Stand,2024-01-26,16,10,8990.0,0
P003,USB-C Hub,2024-01-26,16,19,11381.0,0
P004,Mechanical Keyboard,2024-01-26,16,7,14869.05,15
P005,Webcam HD,2024-01-26,16,9,16191.0,0
P001,Wireless Earbuds,2024-01-26,17,4,5196.0,0
P002,Laptop Stand,2024-01-26,17,2,1438.4,20
P003,USB-C Hub,2024-01-26,17,10,5990.0,0
P004,Mechanical Keyboard,2024-01-26,17,7,14869.05,15
P005,Webcam HD,2024-01-26,17,2,3058.3,15
P001,Wireless Earbuds,2024-01-26,18,5,5520.75,15
P002,Laptop Stand,2024-01-26,18,6,4854.6,10
P003,USB-C Hub,2024-01-26,18,12,6469.2,10
P004,Mechanical Keyboard,2024-01-26,18,1,2499.0,0
P005,Webcam HD,2024-01-26,18,9,15381.45,5
P001,Wireless Earbuds,2024-01-26,19,6,6235.2,20
P002,Laptop Stand,2024-01-26,19,11,8405.65,15
P003,USB-C Hub,2024-01-26,19,15,8985.0,0
P004,Mechanical Keyboard,2024-01-26,19,8,18992.4,5
P005,Webcam HD,2024-01-26,19,1,1529.15,15
P001,Wireless Earbuds,2024-01-26,20,13,16887.0,0
P002,Laptop Stand,2024-01-26,20,10,8091.0,10
P003,USB-C Hub,2024-01-26,20,19,10811.95,5
P004,Mechanical Keyboard,2024-01-26,20,1,2124.15,15
P005,Webcam HD,2024-01-26,20,2,3598.0,0
P001,Wireless Earbuds,2024-01-26,21,9,9352.8,20
P002,Laptop Stand,2024-01-26,21,14,10068.8,20
P003,USB-C Hub,2024-01-26,21,10,5391.0,10
P004,Mechanical Keyboard,2024-01-26,21,2,3998.4,20
P005,Webcam HD,2024-01-26,21,2,3598.0,0
P001,Wireless Earbuds,2024-01-27,9,9,11691.0,0
P002,Laptop Stand,2024-01-27,9,10,8990.0,0
P003,USB-C Hub,2024-01-27,9,17,8655.55,15
P004,Mechanical Keyboard,2024-01-27,9,5,11245.5,10
P005,Webcam HD,2024-01-27,9,6,9714.6,10
P001,Wireless Earbuds,2024-01-27,10,12,14029.2,10
P002,Laptop Stand,2024-01-27,10,8,6472.8,10
P003,USB-C Hub,2024-01-27,10,9,5391.0,0
P004,Mechanical Keyboard,2024-01-27,10,6,11995.2,20
P005,Webcam HD,2024-01-27,10,8,12952.8,10
P001,Wireless Earbuds,2024-01-27,11,6,6235.2,20
P002,Laptop Stand,2024-01-27,11,14,10698.1,15
P003,USB-C Hub,2024-01-27,11,17,9164.7,10
P004,Mechanical Keyboard,2024-01-27,11,3,6372.45,15
P005,Webcam HD,2024-01-27,11,3,5397.0,0
P001,Wireless Earbuds,2024-01-27,12,4,5196.0,0
P002,Laptop Stand,2024-01-27,12,9,8091.0,0
P003,USB-C Hub,2024-01-27,12,15,8985.0,0
P004,Mechanical Keyboard,2024-01-27,12,2,4498.2,10
P005,Webcam HD,2024-01-27,12,5,8545.25,5
P001,Wireless Earbuds,2024-01-27,13,14,18186.0,0
P002,Laptop Stand,2024-01-27,13,12,10248.6,5
P003,USB-C Hub,2024-01-27,13,17,10183.0,0
P004,Mechanical Keyboard,2024-01-27,13,9,19117.35,15
P005,Webcam HD,2024-01-27,13,2,3238.2,10
P001,Wireless Earbuds,2024-01-27,14,5,6170.25,5
P002,Laptop Stand,2024-01-27,14,8,7192.0,0
P003,USB-C Hub,2024-01-27,14,13,7787.0,0
P004,Mechanical Keyboard,2024-01-27,14,9,20241.9,10
P005,Webcam HD,2024-01-27,14,1,1439.2,20
P001,Wireless Earbuds,2024-01-27,15,9,11691.0,0
P002,Laptop Stand,2024-01-27,15,10,8990.0,0
P003,USB-C Hub,2024-01-27,15,15,7188.0,20
P004,Mechanical Keyboard,2024-01-27,15,7,15743.7,10
P005,Webcam HD,2024-01-27,15,6,10254.3,5
P001,Wireless Earbuds,2024-01-27,16,15,18510.75,5
P002,Laptop Stand,2024-01-27,16,9,6877.35,15
P003,USB-C Hub,2024-01-27,16,23,13088.15,5
P004,Mechanical Keyboard,2024-01-27,16,3,7497.0,0
P005,Webcam HD,2024-01-27,16,3,4317.6,20
P001,Wireless Earbuds,2024-01-27,17,6,7794.0,0
P002,Laptop Stand,2024-01-27,17,3,2697.0,0
P003,USB-C Hub,2024-01-27,17,14,7547.4,10
P004,Mechanical Keyboard,2024-01-27,17,4,9996.0,0
P005,Webcam HD,2024-01-27,17,9,14571.9,10
P001,Wireless Earbuds,2024-01-27,18,12,12470.4,20
P002,Laptop Stand,2024-01-27,18,9,7281.9,10
P003,USB-C Hub,2024-01-27,18,22,13178.0,0
P004,Mechanical Keyboard,2024-01-27,18,3,7497.0,0
P005,Webcam HD,2024-01-27,18,8,12952.8,10
P001,Wireless Earbuds,2024-01-27,19,3,3117.6,20
P002,Laptop Stand,2024-01-27,19,14,11956.7,5
P003,USB-C Hub,2024-01-27,19,25,14975.0,0
P004,Mechanical Keyboard,2024-01-27,19,8,19992.0,0
P005,Webcam HD,2024-01-27,19,2,3598.0,0
P001,Wireless Earbuds,2024-01-27,20,4,4936.2,5
P002,Laptop Stand,2024-01-27,20,9,8091.0,0
P003,USB-C Hub,2024-01-27,20,10,5690.5,5
P004,Mechanical Keyboard,2024-01-27,20,2,3998.4,20
P005,Webcam HD,2024-01-27,20,5,8995.0,0
P001,Wireless Earbuds,2024-01-27,21,10,11691.0,10
P002,Laptop Stand,2024-01-27,21,16,14384.0,0
P003,USB-C Hub,2024-01-27,21,20,11980.0,0
P004,Mechanical Keyboard,2024-01-27,21,1,1999.2,20
P005,Webcam HD,2024-01-27,21,4,5756.8,20
P001,Wireless Earbuds,2024-01-28,9,9,9352.8,20
P002,Laptop Stand,2024-01-28,9,3,2427.3,10
P003,USB-C Hub,2024-01-28,9,20,10782.0,10
P004,Mechanical Keyboard,2024-01-28,9,7,15743.7,10
P005,Webcam HD,2024-01-28,9,4,7196.0,0
P001,Wireless Earbuds,2024-01-28,10,17,22083.0,0
P002,Laptop Stand,2024-01-28,10,9,7281.9,10
P003,USB-C Hub,2024-01-28,10,16,7667.2,20
P004,Mechanical Keyboard,2024-01-28,10,1,2499.0,0
P005,Webcam HD,2024-01-28,10,6,10794.0,0
P001,Wireless Earbuds,2024-01-28,11,6,6235.2,20
P002,Laptop Stand,2024-01-28,11,17,15283.0,0
P003,USB-C Hub,2024-01-28,11,11,6589.0,0
P004,Mechanical Keyboard,2024-01-28,11,3,6372.45,15
P005,Webcam HD,2024-01-28,11,6,8635.2,20
P001,Wireless Earbuds,2024-01-28,12,7,7274.4,20
P002,Laptop Stand,2024-01-28,12,16,13664.8,5
P003,USB-C Hub,2024-01-28,12,22,13178.0,0
P004,Mechanical Keyboard,2024-01-28,12,5,10620.75,15
P005,Webcam HD,2024-01-28,12,5,8545.25,5
P001,Wireless Earbuds,2024-01-28,13,9,11691.0,0
P002,Laptop Stand,2024-01-28,13,13,9349.6,20
P003,USB-C Hub,2024-01-28,13,9,5121.45,5
P004,Mechanical Keyboard,2024-01-28,13,4,8496.6,15
P005,Webcam HD,2024-01-28,13,4,6836.2,5
P001,Wireless Earbuds,2024-01-28,14,8,10392.0,0
P002,Laptop Stand,2024-01-28,14,12,10788.0,0
P003,USB-C Hub,2024-01-28,14,7,3564.05,15
P004,Mechanical Keyboard,2024-01-28,14,9,19117.35,15
P005,Webcam HD,2024-01-28,14,6,8635.2,20
P001,Wireless Earbuds,2024-01-28,15,2,2078.4,20
P002,Laptop Stand,2024-01-28,15,11,9394.55,5
P003,USB-C Hub,2024-01-28,15,12,6828.6,5
P004,Mechanical Keyboard,2024-01-28,15,4,9496.2,5
P005,Webcam HD,2024-01-28,15,7,12593.0,0
P001,Wireless Earbuds,2024-01-28,16,5,6495.0,0
P002,Laptop Stand,2024-01-28,16,12,9709.2,10
P003,USB-C Hub,2024-01-28,16,11,5930.1,10
P004,Mechanical Keyboard,2024-01-28,16,9,17992.8,20
P005,Webcam HD,2024-01-28,16,6,9174.9,15
P001,Wireless Earbuds,2024-01-28,17,2,2598.0,0
P002,Laptop Stand,2024-01-28,17,4,3056.6,15
P003,USB-C Hub,2024-01-28,17,20,11980.0,0
P004,Mechanical Keyboard,2024-01-28,17,3,5997.6,20
P005,Webcam HD,2024-01-28,17,3,5127.15,5
P001,Wireless Earbuds,2024-01-28,18,13,16887.0,0
P002,Laptop Stand,2024-01-28,18,9,8091.0,0
P003,USB-C Hub,2024-01-28,18,10,5091.5,15
P004,Mechanical Keyboard,2024-01-28,18,2,4998.0,0
P005,Webcam HD,2024-01-28,18,2,3598.0,0
P001,Wireless Earbuds,2024-01-28,19,11,14289.0,0
P002,Laptop Stand,2024-01-28,19,8,7192.0,0
P003,USB-C Hub,2024-01-28,19,19,9673.85,15
P004,Mechanical Keyboard,2024-01-28,19,1,2499.0,0
P005,Webcam HD,2024-01-28,19,8,12233.2,15
P001,Wireless Earbuds,2024-01-28,20,7,7729.05,15
P002,Laptop Stand,2024-01-28,20,15,10788.0,20
P003,USB-C Hub,2024-01-28,20,17,9673.85,5
P004,Mechanical Keyboard,2024-01-28,20,3,6372.45,15
P005,Webcam HD,2024-01-28,20,1,1799.0,0
P001,Wireless Earbuds,2024-01-28,21,5,6170.25,5
P002,Laptop Stand,2024-01-28,21,1,899.0,0
P003,USB-C Hub,2024-01-28,21,13,7008.3,10
P004,Mechanical Keyboard,2024-01-28,21,7,17493.0,0
P005,Webcam HD,2024-01-28,21,1,1529.15,15
P001,Wireless Earbuds,2024-01-29,9,8,8313.6,20
P002,Laptop Stand,2024-01-29,9,5,3596.0,20
P003,USB-C Hub,2024-01-29,9,20,10183.0,15
P004,Mechanical Keyboard,2024-01-29,9,2,4748.1,5
P005,Webcam HD,2024-01-29,9,2,3598.0,0
P001,Wireless Earbuds,2024-01-29,10,10,12990.0,0
P002,Laptop Stand,2024-01-29,10,13,9349.6,20
P003,USB-C Hub,2024-01-29,10,13,7787.0,0
P004,Mechanical Keyboard,2024-01-29,10,5,12495.0,0
P005,Webcam HD,2024-01-29,10,5,8995.0,0
P001,Wireless Earbuds,2024-01-29,11,11,11431.2,20
P002,Laptop Stand,2024-01-29,11,6,4584.9,15
P003,USB-C Hub,2024-01-29,11,13,7787.0,0
P004,Mechanical Keyboard,2024-01-29,11,1,2249.1,10
P005,Webcam HD,2024-01-29,11,2,3418.1,5
P001,Wireless Earbuds,2024-01-29,12,9,9937.35,15
P002,Laptop Stand,2024-01-29,12,5,3820.75,15
P003,USB-C Hub,2024-01-29,12,12,6828.6,5
P004,Mechanical Keyboard,2024-01-29,12,7,13994.4,20
P005,Webcam HD,2024-01-29,12,3,5397.0,0
P001,Wireless Earbuds,2024-01-29,13,4,5196.0,0
P002,Laptop Stand,2024-01-29,13,2,1618.2,10
P003,USB-C Hub,2024-01-29,13,19,11381.0,0
P004,Mechanical Keyboard,2024-01-29,13,7,17493.0,0
P005,Webcam HD,2024-01-29,13,3,5397.0,0
P001,Wireless Earbuds,2024-01-29,14,6,6624.9,15
P002,Laptop Stand,2024-01-29,14,6,5394.0,0
P003,USB-C Hub,2024-01-29,14,23,12399.3,10
P004,Mechanical Keyboard,2024-01-29,14,6,11995.2,20
P005,Webcam HD,2024-01-29,14,1,1439.2,20
P001,Wireless Earbuds,2024-01-29,15,13,16887.0,0
P002,Laptop Stand,2024-01-29,15,9,7281.9,10
P003,USB-C Hub,2024-01-29,15,22,13178.0,0
P004,Mechanical Keyboard,2024-01-29,15,8,19992.0,0
P005,Webcam HD,2024-01-29,15,2,2878.4,20
P001,Wireless Earbuds,2024-01-29,16,5,6170.25,5
P002,Laptop Stand,2024-01-29,16,12,10788.0,0
P003,USB-C Hub,2024-01-29,16,14,7966.7,5
P004,Mechanical Keyboard,2024-01-29,16,2,4498.2,10
P005,Webcam HD,2024-01-29,16,1,1799.0,0
P001,Wireless Earbuds,2024-01-29,17,8,10392.0,0
P002,Laptop Stand,2024-01-29,17,11,7911.2,20
P003,USB-C Hub,2024-01-29,17,22,13178.0,0
P004,Mechanical Keyboard,2024-01-29,17,1,1999.2,20
P005,Webcam HD,2024-01-29,17,9,12952.8,20
P001,Wireless Earbuds,2024-01-29,18,2,2598.0,0
P002,Laptop Stand,2024-01-29,18,14,12586.0,0
P003,USB-C Hub,2024-01-29,18,9,5391.0,0
P004,Mechanical Keyboard,2024-01-29,18,2,4998.0,0
P005,Webcam HD,2024-01-29,18,1,1439.2,20
P001,Wireless Earbuds,2024-01-29,19,8,9352.8,10
P002,Laptop Stand,2024-01-29,19,7,5349.05,15
P003,USB-C Hub,2024-01-29,19,23,11021.6,20
P004,Mechanical Keyboard,2024-01-29,19,8,18992.4,5
P005,Webcam HD,2024-01-29,19,8,14392.0,0
P001,Wireless Earbuds,2024-01-29,20,16,18705.6,10
P002,Laptop Stand,2024-01-29,20,11,8900.1,10
P003,USB-C Hub,2024-01-29,20,11,6589.0,0
P004,Mechanical Keyboard,2024-01-29,20,1,2499.0,0
P005,Webcam HD,2024-01-29,20,1,1619.1,10
P001,Wireless Earbuds,2024-01-29,21,8,8313.6,20
P002,Laptop Stand,2024-01-29,21,8,6472.8,10
P003,USB-C Hub,2024-01-29,21,16,9104.8,5
P004,Mechanical Keyboard,2024-01-29,21,1,2499.0,0
P005,Webcam HD,2024-01-29,21,6,9174.9,15
P001,Wireless Earbuds,2024-01-30,9,7,9093.0,0
P002,Laptop Stand,2024-01-30,9,5,4495.0,0
P003,USB-C Hub,2024-01-30,9,21,12579.0,0
P004,Mechanical Keyboard,2024-01-30,9,7,15743.7,10
P005,Webcam HD,2024-01-30,9,1,1799.0,0
P001,Wireless Earbuds,2024-01-30,10,14,15458.1,15
P002,Laptop Stand,2024-01-30,10,14,10698.1,15
P003,USB-C Hub,2024-01-30,10,12,7188.0,0
P004,Mechanical Keyboard,2024-01-30,10,1,2124.15,15
P005,Webcam HD,2024-01-30,10,2,3058.3,15
P001,Wireless Earbuds,2024-01-30,11,3,3897.0,0
P002,Laptop Stand,2024-01-30,11,10,8990.0,0
P003,USB-C Hub,2024-01-30,11,26,14016.6,10
P004,Mechanical Keyboard,2024-01-30,11,5,12495.0,0
P005,Webcam HD,2024-01-30,11,5,8995.0,0
P001,Wireless Earbuds,2024-01-30,12,16,16627.2,20
P002,Laptop Stand,2024-01-30,12,7,5349.05,15
P003,USB-C Hub,2024-01-30,12,12,5750.4,20
P004,Mechanical Keyboard,2024-01-30,12,1,2499.0,0
P005,Webcam HD,2024-01-30,12,6,10794.0,0
P001,Wireless Earbuds,2024-01-30,13,12,15588.0,0
P002,Laptop Stand,2024-01-30,13,5,3820.75,15
P003,USB-C Hub,2024-01-30,13,8,4552.4,5
P004,Mechanical Keyboard,2024-01-30,13,6,13494.6,10
P005,Webcam HD,2024-01-30,13,6,10794.0,0
P001,Wireless Earbuds,2024-01-30,14,13,13509.6,20
P002,Laptop Stand,2024-01-30,14,16,14384.0,0
P003,USB-C Hub,2024-01-30,14,19,11381.0,0
P004,Mechanical Keyboard,2024-01-30,14,5,9996.0,20
P005,Webcam HD,2024-01-30,14,1,1619.1,10
P001,Wireless Earbuds,2024-01-30,15,13,14353.95,15
P002,Laptop Stand,2024-01-30,15,3,2697.0,0
P003,USB-C Hub,2024-01-30,15,23,13777.0,0
P004,Mechanical Keyboard,2024-01-30,15,1,1999.2,20
P005,Webcam HD,2024-01-30,15,1,1799.0,0
P001,Wireless Earbuds,2024-01-30,16,1,1234.05,5
P002,Laptop Stand,2024-01-30,16,10,8540.5,5
P003,USB-C Hub,2024-01-30,16,10,5990.0,0
P004,Mechanical Keyboard,2024-01-30,16,1,2249.1,10
P005,Webcam HD,2024-01-30,16,10,17990.0,0
P001,Wireless Earbuds,2024-01-30,17,7,9093.0,0
P002,Laptop Stand,2024-01-30,17,6,4584.9,15
P003,USB-C Hub,2024-01-30,17,17,10183.0,0
P004,Mechanical Keyboard,2024-01-30,17,3,6747.3,10
P005,Webcam HD,2024-01-30,17,8,14392.0,0
P001,Wireless Earbuds,2024-01-30,18,10,11041.5,15
P002,Laptop Stand,2024-01-30,18,4,3596.0,0
P003,USB-C Hub,2024-01-30,18,14,6708.8,20
P004,Mechanical Keyboard,2024-01-30,18,1,2374.05,5
P005,Webcam HD,2024-01-30,18,5,8545.25,5
P001,Wireless Earbuds,2024-01-30,19,5,5196.0,20
P002,Laptop Stand,2024-01-30,19,8,7192.0,0
P003,USB-C Hub,2024-01-30,19,10,5391.0,10
P004,Mechanical Keyboard,2024-01-30,19,9,22491.0,0
P005,Webcam HD,2024-01-30,19,6,10794.0,0
P001,Wireless Earbuds,2024-01-30,20,8,9352.8,10
P002,Laptop Stand,2024-01-30,20,7,5349.05,15
P003,USB-C Hub,2024-01-30,20,15,8535.75,5
P004,Mechanical Keyboard,2024-01-30,20,5,11245.5,10
P005,Webcam HD,2024-01-30,20,8,11513.6,20
P001,Wireless Earbuds,2024-01-30,21,6,6624.9,15
P002,Laptop Stand,2024-01-30,21,12,8630.4,20
P003,USB-C Hub,2024-01-30,21,14,8386.0,0
P004,Mechanical Keyboard,2024-01-30,21,2,4748.1,5
P005,Webcam HD,2024-01-30,21,1,1799.0,0
